image_id,label
1_1.png,1
1_2.png,1
1_3.png,0
1_4.png,0
1_5.png,0
1_6.png,0
1_7.png,0
1_8.png,0
1_9.png,0
1_10.png,0
1_11.png,0
1_12.png,0
1_13.png,0
1_14.png,0
1_15.png,0
1_16.png,0
1_17.png,0
1_18.png,0
1_19.png,0
1_20.png,0
1_21.png,0
1_22.png,0
1_23.png,0
1_24.png,0
1_25.png,0
2_1.png,1
2_2.png,1
2_3.png,0
2_4.png,0
2_5.png,0
2_6.png,0
2_7.png,0
2_8.png,0
2_9.png,0
2_10.png,0
2_11.png,0
2_12.png,0
2_13.png,0
2_14.png,0
2_15.png,0
2_16.png,0
2_17.png,0
2_18.png,0
2_19.png,0
2_20.png,0
2_21.png,0
2_22.png,0
2_23.png,0
2_24.png,0
2_25.png,0
2_26.png,0
2_27.png,0
2_28.png,0
2_29.png,0
2_30.png,0
2_31.png,0
2_32.png,0
2_33.png,0
2_34.png,0
2_35.png,0
2_36.png,0
2_37.png,0
2_38.png,0
2_39.png,0
2_40.png,0
2_41.png,0
2_42.png,0
2_43.png,0
2_44.png,0
2_45.png,0
2_46.png,0
3_1.png,1
3_2.png,1
3_3.png,0
3_4.png,0
3_5.png,0
3_6.png,0
3_7.png,0
3_8.png,0
3_9.png,0
3_10.png,0
3_11.png,0
3_12.png,0
3_13.png,0
3_14.png,0
3_15.png,0
3_16.png,0
4_1.png,1
4_2.png,1
4_3.png,0
4_4.png,0
4_5.png,0
4_6.png,0
4_7.png,0
4_8.png,0
4_9.png,0
4_10.png,0
4_11.png,0
4_12.png,0
4_13.png,0
4_14.png,0
4_15.png,0
4_16.png,0
4_17.png,0
4_18.png,0
4_19.png,0
4_20.png,0
4_21.png,0
4_22.png,0
4_23.png,0
4_24.png,0
4_25.png,0
4_26.png,0
5_1.png,1
5_2.png,1
5_3.png,0
5_4.png,0
5_5.png,0
5_6.png,0
5_7.png,0
5_8.png,0
5_9.png,0
5_10.png,0
5_11.png,0
5_12.png,0
5_13.png,0
5_14.png,0
5_15.png,0
5_16.png,0
5_17.png,0
5_18.png,0
5_19.png,0
5_20.png,0
6_1.png,1
6_2.png,1
6_3.png,0
6_4.png,0
6_5.png,0
6_6.png,0
6_7.png,0
6_8.png,0
6_9.png,0
6_10.png,0
6_11.png,0
6_12.png,0
6_13.png,0
6_14.png,0
6_15.png,0
6_16.png,0
6_17.png,0
6_18.png,0
6_19.png,0
7_1.png,1
7_2.png,1
7_3.png,0
7_4.png,0
7_5.png,0
7_6.png,0
7_7.png,0
7_8.png,0
7_9.png,0
7_10.png,0
7_11.png,0
7_12.png,0
7_13.png,0
7_14.png,0
7_15.png,0
7_16.png,0
7_17.png,0
7_18.png,0
8_1.png,1
8_2.png,1
8_3.png,0
8_4.png,0
8_5.png,0
8_6.png,0
8_7.png,0
8_8.png,0
8_9.png,0
8_10.png,0
8_11.png,0
8_12.png,0
8_13.png,0
8_14.png,0
8_15.png,0
8_16.png,0
8_17.png,0
8_18.png,0
8_19.png,0
8_20.png,0
8_21.png,0
9_1.png,1
9_2.png,1
9_3.png,0
9_4.png,0
9_5.png,0
9_6.png,0
9_7.png,0
9_8.png,0
9_9.png,0
9_10.png,0
9_11.png,0
9_12.png,0
9_13.png,0
9_14.png,0
9_15.png,0
9_16.png,0
10_1.png,1
10_2.png,1
10_3.png,0
10_4.png,0
10_5.png,0
10_6.png,0
10_7.png,0
10_8.png,0
10_9.png,0
10_10.png,0
10_11.png,0
10_12.png,0
10_13.png,0
10_14.png,0
10_15.png,0
10_16.png,0
10_17.png,0
10_18.png,0
10_19.png,0
10_20.png,0
10_21.png,0
11_1.png,1
11_2.png,1
11_3.png,0
11_4.png,0
11_5.png,0
11_6.png,0
11_7.png,0
11_8.png,0
11_9.png,0
11_10.png,0
11_11.png,0
12_1.png,1
12_2.png,1
12_3.png,0
12_4.png,0
12_5.png,0
12_6.png,0
12_7.png,0
12_8.png,0
12_9.png,0
12_10.png,0
12_11.png,0
12_12.png,0
12_13.png,0
12_14.png,0
12_15.png,0
12_16.png,0
12_17.png,0
12_18.png,0
12_19.png,0
12_20.png,0
12_21.png,0
12_22.png,0
12_23.png,0
12_24.png,0
13_1.png,1
13_2.png,1
13_3.png,0
13_4.png,0
13_5.png,0
13_6.png,0
13_7.png,0
13_8.png,0
13_9.png,0
13_10.png,0
13_11.png,0
13_12.png,0
13_13.png,0
13_14.png,0
13_15.png,0
14_1.png,1
14_2.png,1
14_3.png,0
14_4.png,0
14_5.png,0
14_6.png,0
14_7.png,0
14_8.png,0
14_9.png,0
14_10.png,0
14_11.png,0
14_12.png,0
14_13.png,0
14_14.png,0
15_1.png,1
15_2.png,1
15_3.png,0
15_4.png,0
15_5.png,0
15_6.png,0
15_7.png,0
15_8.png,0
15_9.png,0
15_10.png,0
15_11.png,0
15_12.png,0
15_13.png,0
15_14.png,0
15_15.png,0
16_1.png,1
16_2.png,1
16_3.png,0
16_4.png,0
16_5.png,0
16_6.png,0
16_7.png,0
16_8.png,0
16_9.png,0
16_10.png,0
16_11.png,0
16_12.png,0
16_13.png,0
16_14.png,0
17_1.png,1
17_2.png,1
17_3.png,0
17_4.png,0
17_5.png,0
17_6.png,0
17_7.png,0
17_8.png,0
17_9.png,0
17_10.png,0
17_11.png,0
17_12.png,0
17_13.png,0
17_14.png,0
17_15.png,0
17_16.png,0
17_17.png,0
17_18.png,0
17_19.png,0
17_20.png,0
17_21.png,0
17_22.png,0
17_23.png,0
17_24.png,0
17_25.png,0
18_1.png,1
18_2.png,1
18_3.png,0
18_4.png,0
18_5.png,0
18_6.png,0
18_7.png,0
18_8.png,0
18_9.png,0
18_10.png,0
18_11.png,0
18_12.png,0
18_13.png,0
18_14.png,0
18_15.png,0
18_16.png,0
18_17.png,0
18_18.png,0
18_19.png,0
18_20.png,0
18_21.png,0
18_22.png,0
18_23.png,0
18_24.png,0
18_25.png,0
18_26.png,0
18_27.png,0
18_28.png,0
18_29.png,0
18_30.png,0
18_31.png,0
18_32.png,0
18_33.png,0
19_1.png,1
19_2.png,0
19_3.png,0
19_4.png,0
19_5.png,0
19_6.png,0
19_7.png,0
19_8.png,0
19_9.png,0
19_10.png,0
19_11.png,0
19_12.png,0
19_13.png,0
19_14.png,0
19_15.png,0
19_16.png,0
19_17.png,0
19_18.png,0
19_19.png,0
19_20.png,0
19_21.png,0
20_1.png,1
20_2.png,1
20_3.png,0
20_4.png,0
20_5.png,0
20_6.png,0
20_7.png,0
20_8.png,0
20_9.png,0
20_10.png,0
20_11.png,0
20_12.png,0
21_1.png,1
21_2.png,1
21_3.png,0
21_4.png,0
21_5.png,0
21_6.png,0
21_7.png,0
21_8.png,0
21_9.png,0
21_10.png,0
21_11.png,0
21_12.png,0
21_13.png,0
21_14.png,0
21_15.png,0
21_16.png,0
21_17.png,0
21_18.png,0
21_19.png,0
21_20.png,0
21_21.png,0
21_22.png,0
21_23.png,0
21_24.png,0
21_25.png,0
21_26.png,0
21_27.png,0
21_28.png,0
21_29.png,0
21_30.png,0
21_31.png,0
21_32.png,0
21_33.png,0
21_34.png,0
21_35.png,0
21_36.png,0
21_37.png,0
21_38.png,0
21_39.png,0
21_40.png,0
21_41.png,0
22_1.png,1
22_2.png,1
22_3.png,0
22_4.png,0
22_5.png,0
22_6.png,0
22_7.png,0
22_8.png,0
22_9.png,0
22_10.png,0
22_11.png,0
22_12.png,0
22_13.png,0
22_14.png,0
22_15.png,0
22_16.png,0
22_17.png,0
22_18.png,0
22_19.png,0
22_20.png,0
22_21.png,0
22_22.png,0
23_1.png,1
23_2.png,1
23_3.png,0
23_4.png,0
23_5.png,0
23_6.png,0
23_7.png,0
23_8.png,0
23_9.png,0
23_10.png,0
23_11.png,0
23_12.png,0
23_13.png,0
23_14.png,0
23_15.png,0
24_1.png,1
24_2.png,1
24_3.png,0
24_4.png,0
24_5.png,0
24_6.png,0
24_7.png,0
24_8.png,0
24_9.png,0
24_10.png,0
24_11.png,0
24_12.png,0
24_13.png,0
24_14.png,0
24_15.png,0
24_16.png,0
24_17.png,0
24_18.png,0
24_19.png,0
24_20.png,0
24_21.png,0
24_22.png,0
24_23.png,0
24_24.png,0
24_25.png,0
24_26.png,0
24_27.png,0
24_28.png,0
24_29.png,0
24_30.png,0
24_31.png,0
24_32.png,0
24_33.png,0
24_34.png,0
24_35.png,0
24_36.png,0
24_37.png,0
24_38.png,0
24_39.png,0
24_40.png,0
24_41.png,0
24_42.png,0
24_43.png,0
24_44.png,0
25_1.png,1
25_2.png,1
25_3.png,0
25_4.png,0
25_5.png,0
25_6.png,0
25_7.png,0
25_8.png,0
25_9.png,0
25_10.png,0
25_11.png,0
25_12.png,0
25_13.png,0
25_14.png,0
25_15.png,0
25_16.png,0
26_1.png,1
26_2.png,1
26_3.png,0
26_4.png,0
26_5.png,0
26_6.png,0
26_7.png,0
26_8.png,0
26_9.png,0
26_10.png,0
26_11.png,0
26_12.png,0
26_13.png,0
26_14.png,0
26_15.png,0
26_16.png,0
26_17.png,0
26_18.png,0
26_19.png,0
26_20.png,0
26_21.png,0
26_22.png,0
26_23.png,0
27_1.png,1
27_2.png,1
27_3.png,0
27_4.png,0
27_5.png,0
27_6.png,0
27_7.png,0
27_8.png,0
27_9.png,0
27_10.png,0
27_11.png,0
27_12.png,0
27_13.png,0
27_14.png,0
27_15.png,0
27_16.png,0
27_17.png,0
28_1.png,1
28_2.png,1
28_3.png,0
28_4.png,0
28_5.png,0
28_6.png,0
28_7.png,0
28_8.png,0
28_9.png,0
28_10.png,0
28_11.png,0
28_12.png,0
28_13.png,0
28_14.png,0
28_15.png,0
28_16.png,0
28_17.png,0
28_18.png,0
28_19.png,0
28_20.png,0
28_21.png,0
29_1.png,1
29_2.png,1
29_3.png,0
29_4.png,0
29_5.png,0
29_6.png,0
29_7.png,0
29_8.png,0
29_9.png,0
29_10.png,0
29_11.png,0
29_12.png,0
29_13.png,0
29_14.png,0
29_15.png,0
29_16.png,0
30_1.png,1
30_2.png,1
30_3.png,0
30_4.png,0
30_5.png,0
30_6.png,0
30_7.png,0
30_8.png,0
30_9.png,0
30_10.png,0
30_11.png,0
30_12.png,0
30_13.png,0
30_14.png,0
30_15.png,0
30_16.png,0
30_17.png,0
30_18.png,0
31_1.png,1
31_2.png,1
31_3.png,0
31_4.png,0
31_5.png,0
31_6.png,0
31_7.png,0
31_8.png,0
31_9.png,0
31_10.png,0
31_11.png,0
31_12.png,0
31_13.png,0
31_14.png,0
31_15.png,0
31_16.png,0
32_1.png,1
32_2.png,1
32_3.png,0
32_4.png,0
32_5.png,0
32_6.png,0
32_7.png,0
32_8.png,0
32_9.png,0
32_10.png,0
32_11.png,0
32_12.png,0
32_13.png,0
32_14.png,0
32_15.png,0
32_16.png,0
33_1.png,1
33_2.png,1
33_3.png,0
33_4.png,0
33_5.png,0
33_6.png,0
33_7.png,0
33_8.png,0
33_9.png,0
33_10.png,0
33_11.png,0
33_12.png,0
33_13.png,0
33_14.png,0
33_15.png,0
33_16.png,0
33_17.png,0
33_18.png,0
33_19.png,0
33_20.png,0
33_21.png,0
34_1.png,1
34_2.png,1
34_3.png,0
34_4.png,0
34_5.png,0
34_6.png,0
34_7.png,0
34_8.png,0
34_9.png,0
34_10.png,0
34_11.png,0
34_12.png,0
34_13.png,0
34_14.png,0
34_15.png,0
34_16.png,0
34_17.png,0
34_18.png,0
34_19.png,0
34_20.png,0
34_21.png,0
34_22.png,0
35_1.png,1
35_2.png,1
35_3.png,0
35_4.png,0
35_5.png,0
35_6.png,0
35_7.png,0
35_8.png,0
35_9.png,0
35_10.png,0
35_11.png,0
35_12.png,0
35_13.png,0
35_14.png,0
35_15.png,0
35_16.png,0
35_17.png,0
35_18.png,0
35_19.png,0
36_1.png,1
36_2.png,1
36_3.png,0
36_4.png,0
36_5.png,0
36_6.png,0
36_7.png,0
36_8.png,0
36_9.png,0
36_10.png,0
36_11.png,0
36_12.png,0
36_13.png,0
36_14.png,0
36_15.png,0
36_16.png,0
36_17.png,0
36_18.png,0
37_1.png,1
37_2.png,1
37_3.png,0
37_4.png,0
37_5.png,0
37_6.png,0
37_7.png,0
37_8.png,0
37_9.png,0
37_10.png,0
37_11.png,0
38_1.png,1
38_2.png,1
38_3.png,0
38_4.png,0
38_5.png,0
38_6.png,0
39_1.png,1
39_2.png,0
39_3.png,0
39_4.png,0
39_5.png,0
39_6.png,0
39_7.png,0
39_8.png,0
39_9.png,0
39_10.png,0
39_11.png,0
39_12.png,0
40_1.png,1
40_2.png,1
40_3.png,0
40_4.png,0
40_5.png,0
40_6.png,0
40_7.png,0
40_8.png,0
40_9.png,0
40_10.png,0
40_11.png,0
40_12.png,0
40_13.png,0
40_14.png,0
40_15.png,0
40_16.png,0
40_17.png,0
40_18.png,0
40_19.png,0
41_1.png,1
41_2.png,1
41_3.png,0
41_4.png,0
41_5.png,0
41_6.png,0
41_7.png,0
41_8.png,0
41_9.png,0
41_10.png,0
41_11.png,0
41_12.png,0
41_13.png,0
41_14.png,0
41_15.png,0
41_16.png,0
41_17.png,0
41_18.png,0
41_19.png,0
41_20.png,0
41_21.png,0
41_22.png,0
41_23.png,0
41_24.png,0
41_25.png,0
41_26.png,0
41_27.png,0
41_28.png,0
41_29.png,0
41_30.png,0
41_31.png,0
41_32.png,0
42_1.png,1
42_2.png,1
42_3.png,0
42_4.png,0
42_5.png,0
42_6.png,0
42_7.png,0
42_8.png,0
42_9.png,0
42_10.png,0
42_11.png,0
42_12.png,0
42_13.png,0
42_14.png,0
42_15.png,0
42_16.png,0
42_17.png,0
42_18.png,0
42_19.png,0
42_20.png,0
42_21.png,0
42_22.png,0
42_23.png,0
42_24.png,0
42_25.png,0
42_26.png,0
42_27.png,0
42_28.png,0
42_29.png,0
42_30.png,0
42_31.png,0
42_32.png,0
42_33.png,0
42_34.png,0
42_35.png,0
42_36.png,0
42_37.png,0
42_38.png,0
42_39.png,0
42_40.png,0
42_41.png,0
42_42.png,0
42_43.png,0
42_44.png,0
42_45.png,0
42_46.png,0
42_47.png,0
43_1.png,1
43_2.png,1
43_3.png,0
43_4.png,0
43_5.png,0
43_6.png,0
43_7.png,0
43_8.png,0
43_9.png,0
43_10.png,0
43_11.png,0
43_12.png,0
43_13.png,0
43_14.png,0
43_15.png,0
43_16.png,0
43_17.png,0
43_18.png,0
43_19.png,0
44_1.png,1
44_2.png,1
44_3.png,0
44_4.png,0
44_5.png,0
44_6.png,0
44_7.png,0
44_8.png,0
44_9.png,0
44_10.png,0
44_11.png,0
44_12.png,0
44_13.png,0
44_14.png,0
44_15.png,0
44_16.png,0
45_1.png,1
45_2.png,1
45_3.png,0
45_4.png,0
45_5.png,0
45_6.png,0
45_7.png,0
45_8.png,0
45_9.png,0
45_10.png,0
45_11.png,0
45_12.png,0
45_13.png,0
45_14.png,0
45_15.png,0
45_16.png,0
45_17.png,0
45_18.png,0
45_19.png,0
45_20.png,0
45_21.png,0
45_22.png,0
45_23.png,0
45_24.png,0
45_25.png,0
45_26.png,0
45_27.png,0
46_1.png,1
46_2.png,0
46_3.png,0
46_4.png,0
46_5.png,0
46_6.png,0
46_7.png,0
46_8.png,0
46_9.png,0
46_10.png,0
46_11.png,0
46_12.png,0
46_13.png,0
46_14.png,0
46_15.png,0
46_16.png,0
46_17.png,0
46_18.png,0
46_19.png,0
46_20.png,0
46_21.png,0
46_22.png,0
46_23.png,0
46_24.png,0
46_25.png,0
46_26.png,0
46_27.png,0
46_28.png,0
46_29.png,0
46_30.png,0
46_31.png,0
46_32.png,0
46_33.png,0
46_34.png,0
46_35.png,0
46_36.png,0
46_37.png,0
46_38.png,0
46_39.png,0
46_40.png,0
47_1.png,1
47_2.png,1
47_3.png,0
47_4.png,0
47_5.png,0
47_6.png,0
47_7.png,0
47_8.png,0
48_1.png,1
48_2.png,1
48_3.png,0
48_4.png,0
48_5.png,0
48_6.png,0
48_7.png,0
48_8.png,0
48_9.png,0
48_10.png,0
48_11.png,0
48_12.png,0
49_1.png,1
49_2.png,1
49_3.png,0
49_4.png,0
49_5.png,0
49_6.png,0
49_7.png,0
49_8.png,0
49_9.png,0
49_10.png,0
49_11.png,0
49_12.png,0
49_13.png,0
49_14.png,0
50_1.png,1
50_2.png,1
50_3.png,0
50_4.png,0
50_5.png,0
50_6.png,0
50_7.png,0
50_8.png,0
50_9.png,0
50_10.png,0
50_11.png,0
50_12.png,0
50_13.png,0
50_14.png,0
50_15.png,0
50_16.png,0
50_17.png,0
50_18.png,0
50_19.png,0
50_20.png,0
50_21.png,0
50_22.png,0
50_23.png,0
50_24.png,0
50_25.png,0
50_26.png,0
50_27.png,0
50_28.png,0
50_29.png,0
50_30.png,0
50_31.png,0
50_32.png,0
50_33.png,0
50_34.png,0
50_35.png,0
50_36.png,0
50_37.png,0
50_38.png,0
50_39.png,0
50_40.png,0
50_41.png,0
50_42.png,0
50_43.png,0
50_44.png,0
50_45.png,0
50_46.png,0
51_1.png,1
51_2.png,1
51_3.png,0
51_4.png,0
51_5.png,0
51_6.png,0
51_7.png,0
51_8.png,0
51_9.png,0
51_10.png,0
51_11.png,0
51_12.png,0
51_13.png,0
51_14.png,0
51_15.png,0
51_16.png,0
51_17.png,0
51_18.png,0
52_1.png,1
52_2.png,1
52_3.png,0
52_4.png,0
52_5.png,0
52_6.png,0
52_7.png,0
52_8.png,0
52_9.png,0
52_10.png,0
52_11.png,0
52_12.png,0
53_1.png,1
53_2.png,1
53_3.png,0
53_4.png,0
53_5.png,0
53_6.png,0
53_7.png,0
53_8.png,0
53_9.png,0
53_10.png,0
53_11.png,0
53_12.png,0
53_13.png,0
53_14.png,0
53_15.png,0
53_16.png,0
54_1.png,1
54_2.png,1
54_3.png,0
54_4.png,0
54_5.png,0
54_6.png,0
54_7.png,0
54_8.png,0
54_9.png,0
54_10.png,0
54_11.png,0
54_12.png,0
54_13.png,0
54_14.png,0
54_15.png,0
54_16.png,0
54_17.png,0
54_18.png,0
54_19.png,0
54_20.png,0
54_21.png,0
54_22.png,0
54_23.png,0
54_24.png,0
54_25.png,0
54_26.png,0
54_27.png,0
54_28.png,0
54_29.png,0
54_30.png,0
54_31.png,0
54_32.png,0
54_33.png,0
54_34.png,0
54_35.png,0
55_1.png,1
55_2.png,1
55_3.png,0
55_4.png,0
55_5.png,0
55_6.png,0
55_7.png,0
55_8.png,0
55_9.png,0
55_10.png,0
55_11.png,0
55_12.png,0
55_13.png,0
55_14.png,0
55_15.png,0
55_16.png,0
55_17.png,0
55_18.png,0
55_19.png,0
55_20.png,0
55_21.png,0
55_22.png,0
55_23.png,0
55_24.png,0
55_25.png,0
55_26.png,0
55_27.png,0
55_28.png,0
55_29.png,0
55_30.png,0
55_31.png,0
55_32.png,0
55_33.png,0
56_1.png,1
56_2.png,1
56_3.png,0
56_4.png,0
56_5.png,0
56_6.png,0
56_7.png,0
56_8.png,0
56_9.png,0
56_10.png,0
56_11.png,0
57_1.png,1
57_2.png,1
57_3.png,0
57_4.png,0
57_5.png,0
57_6.png,0
57_7.png,0
57_8.png,0
57_9.png,0
57_10.png,0
57_11.png,0
57_12.png,0
57_13.png,0
57_14.png,0
58_1.png,1
58_2.png,1
58_3.png,0
58_4.png,0
58_5.png,0
58_6.png,0
58_7.png,0
58_8.png,0
58_9.png,0
58_10.png,0
58_11.png,0
58_12.png,0
58_13.png,0
58_14.png,0
58_15.png,0
58_16.png,0
58_17.png,0
58_18.png,0
59_1.png,1
59_2.png,1
59_3.png,0
59_4.png,0
59_5.png,0
59_6.png,0
59_7.png,0
59_8.png,0
59_9.png,0
59_10.png,0
59_11.png,0
59_12.png,0
59_13.png,0
59_14.png,0
59_15.png,0
59_16.png,0
59_17.png,0
59_18.png,0
59_19.png,0
59_20.png,0
59_21.png,0
59_22.png,0
59_23.png,0
59_24.png,0
59_25.png,0
59_26.png,0
59_27.png,0
59_28.png,0
59_29.png,0
59_30.png,0
59_31.png,0
59_32.png,0
59_33.png,0
59_34.png,0
59_35.png,0
59_36.png,0
60_1.png,1
60_2.png,1
60_3.png,0
60_4.png,0
60_5.png,0
60_6.png,0
60_7.png,0
60_8.png,0
60_9.png,0
60_10.png,0
61_1.png,1
61_2.png,1
61_3.png,0
61_4.png,0
61_5.png,0
61_6.png,0
61_7.png,0
61_8.png,0
61_9.png,0
61_10.png,0
61_11.png,0
61_12.png,0
61_13.png,0
61_14.png,0
62_1.png,1
62_2.png,1
62_3.png,0
62_4.png,0
62_5.png,0
62_6.png,0
62_7.png,0
62_8.png,0
62_9.png,0
62_10.png,0
62_11.png,0
62_12.png,0
62_13.png,0
62_14.png,0
62_15.png,0
63_1.png,1
63_2.png,1
63_3.png,0
63_4.png,0
63_5.png,0
63_6.png,0
63_7.png,0
63_8.png,0
63_9.png,0
63_10.png,0
63_11.png,0
63_12.png,0
63_13.png,0
63_14.png,0
63_15.png,0
63_16.png,0
63_17.png,0
63_18.png,0
63_19.png,0
63_20.png,0
63_21.png,0
63_22.png,0
63_23.png,0
63_24.png,0
63_25.png,0
63_26.png,0
63_27.png,0
63_28.png,0
64_1.png,1
64_2.png,1
64_3.png,0
64_4.png,0
64_5.png,0
64_6.png,0
64_7.png,0
64_8.png,0
64_9.png,0
64_10.png,0
64_11.png,0
64_12.png,0
64_13.png,0
64_14.png,0
64_15.png,0
64_16.png,0
64_17.png,0
64_18.png,0
64_19.png,0
64_20.png,0
64_21.png,0
64_22.png,0
64_23.png,0
64_24.png,0
65_1.png,1
65_2.png,1
65_3.png,0
65_4.png,0
65_5.png,0
65_6.png,0
65_7.png,0
65_8.png,0
65_9.png,0
65_10.png,0
65_11.png,0
65_12.png,0
65_13.png,0
65_14.png,0
65_15.png,0
65_16.png,0
65_17.png,0
65_18.png,0
65_19.png,0
65_20.png,0
66_1.png,1
66_2.png,1
66_3.png,0
66_4.png,0
66_5.png,0
66_6.png,0
66_7.png,0
66_8.png,0
66_9.png,0
67_1.png,1
67_2.png,1
67_3.png,0
67_4.png,0
67_5.png,0
67_6.png,0
67_7.png,0
67_8.png,0
67_9.png,0
67_10.png,0
67_11.png,0
67_12.png,0
67_13.png,0
67_14.png,0
67_15.png,0
67_16.png,0
67_17.png,0
67_18.png,0
68_1.png,1
68_2.png,1
68_3.png,0
68_4.png,0
68_5.png,0
68_6.png,0
68_7.png,0
68_8.png,0
68_9.png,0
68_10.png,0
68_11.png,0
68_12.png,0
68_13.png,0
68_14.png,0
68_15.png,0
68_16.png,0
68_17.png,0
68_18.png,0
68_19.png,0
68_20.png,0
68_21.png,0
69_1.png,1
69_2.png,1
69_3.png,0
69_4.png,0
69_5.png,0
69_6.png,0
69_7.png,0
69_8.png,0
69_9.png,0
69_10.png,0
69_11.png,0
69_12.png,0
69_13.png,0
69_14.png,0
69_15.png,0
69_16.png,0
69_17.png,0
69_18.png,0
69_19.png,0
69_20.png,0
69_21.png,0
69_22.png,0
69_23.png,0
69_24.png,0
70_1.png,1
70_2.png,0
70_3.png,0
70_4.png,0
70_5.png,0
70_6.png,0
70_7.png,0
70_8.png,0
70_9.png,0
70_10.png,0
70_11.png,0
70_12.png,0
71_1.png,1
71_2.png,1
71_3.png,0
71_4.png,0
71_5.png,0
71_6.png,0
71_7.png,0
71_8.png,0
71_9.png,0
71_10.png,0
71_11.png,0
71_12.png,0
71_13.png,0
71_14.png,0
71_15.png,0
71_16.png,0
72_1.png,1
72_2.png,1
72_3.png,0
72_4.png,0
72_5.png,0
72_6.png,0
72_7.png,0
72_8.png,0
73_1.png,1
73_2.png,1
73_3.png,0
73_4.png,0
73_5.png,0
73_6.png,0
73_7.png,0
73_8.png,0
73_9.png,0
73_10.png,0
73_11.png,0
73_12.png,0
73_13.png,0
73_14.png,0
73_15.png,0
74_1.png,1
74_2.png,1
74_3.png,0
74_4.png,0
74_5.png,0
74_6.png,0
74_7.png,0
74_8.png,0
74_9.png,0
74_10.png,0
74_11.png,0
74_12.png,0
74_13.png,0
74_14.png,0
74_15.png,0
74_16.png,0
74_17.png,0
74_18.png,0
74_19.png,0
74_20.png,0
75_1.png,1
75_2.png,1
75_3.png,0
75_4.png,0
75_5.png,0
75_6.png,0
75_7.png,0
75_8.png,0
75_9.png,0
75_10.png,0
75_11.png,0
75_12.png,0
75_13.png,0
75_14.png,0
75_15.png,0
75_16.png,0
75_17.png,0
75_18.png,0
75_19.png,0
75_20.png,0
75_21.png,0
75_22.png,0
76_1.png,1
76_2.png,1
76_3.png,0
76_4.png,0
76_5.png,0
76_6.png,0
76_7.png,0
76_8.png,0
76_9.png,0
76_10.png,0
76_11.png,0
76_12.png,0
76_13.png,0
76_14.png,0
76_15.png,0
76_16.png,0
76_17.png,0
76_18.png,0
76_19.png,0
76_20.png,0
77_1.png,1
77_2.png,1
77_3.png,0
77_4.png,0
77_5.png,0
77_6.png,0
77_7.png,0
77_8.png,0
77_9.png,0
77_10.png,0
77_11.png,0
77_12.png,0
77_13.png,0
77_14.png,0
77_15.png,0
77_16.png,0
77_17.png,0
78_1.png,1
78_2.png,1
78_3.png,0
78_4.png,0
78_5.png,0
78_6.png,0
78_7.png,0
78_8.png,0
78_9.png,0
78_10.png,0
78_11.png,0
78_12.png,0
78_13.png,0
78_14.png,0
78_15.png,0
78_16.png,0
78_17.png,0
79_1.png,1
79_2.png,1
79_3.png,0
79_4.png,0
79_5.png,0
79_6.png,0
79_7.png,0
79_8.png,0
79_9.png,0
79_10.png,0
79_11.png,0
79_12.png,0
79_13.png,0
79_14.png,0
79_15.png,0
79_16.png,0
79_17.png,0
79_18.png,0
79_19.png,0
79_20.png,0
79_21.png,0
79_22.png,0
80_1.png,1
80_2.png,1
80_3.png,0
80_4.png,0
80_5.png,0
80_6.png,0
80_7.png,0
80_8.png,0
80_9.png,0
80_10.png,0
80_11.png,0
80_12.png,0
80_13.png,0
80_14.png,0
80_15.png,0
80_16.png,0
80_17.png,0
80_18.png,0
80_19.png,0
80_20.png,0
81_1.png,1
81_2.png,1
81_3.png,0
81_4.png,0
81_5.png,0
81_6.png,0
81_7.png,0
81_8.png,0
81_9.png,0
81_10.png,0
81_11.png,0
81_12.png,0
81_13.png,0
81_14.png,0
81_15.png,0
81_16.png,0
81_17.png,0
81_18.png,0
81_19.png,0
81_20.png,0
81_21.png,0
82_1.png,1
82_2.png,1
82_3.png,0
82_4.png,0
82_5.png,0
82_6.png,0
82_7.png,0
82_8.png,0
82_9.png,0
82_10.png,0
82_11.png,0
82_12.png,0
82_13.png,0
82_14.png,0
82_15.png,0
82_16.png,0
82_17.png,0
82_18.png,0
82_19.png,0
82_20.png,0
82_21.png,0
82_22.png,0
83_1.png,1
83_2.png,1
83_3.png,0
83_4.png,0
83_5.png,0
83_6.png,0
83_7.png,0
83_8.png,0
84_1.png,1
84_2.png,1
84_3.png,0
84_4.png,0
84_5.png,0
84_6.png,0
84_7.png,0
84_8.png,0
84_9.png,0
84_10.png,0
84_11.png,0
84_12.png,0
85_1.png,1
85_2.png,1
85_3.png,0
85_4.png,0
85_5.png,0
85_6.png,0
85_7.png,0
85_8.png,0
86_1.png,1
86_2.png,1
86_3.png,0
86_4.png,0
86_5.png,0
86_6.png,0
86_7.png,0
86_8.png,0
86_9.png,0
86_10.png,0
86_11.png,0
86_12.png,0
87_1.png,1
87_2.png,1
87_3.png,0
87_4.png,0
87_5.png,0
87_6.png,0
87_7.png,0
87_8.png,0
87_9.png,0
87_10.png,0
87_11.png,0
87_12.png,0
87_13.png,0
87_14.png,0
87_15.png,0
87_16.png,0
87_17.png,0
87_18.png,0
87_19.png,0
87_20.png,0
87_21.png,0
87_22.png,0
87_23.png,0
87_24.png,0
87_25.png,0
87_26.png,0
87_27.png,0
88_1.png,1
88_2.png,1
88_3.png,0
88_4.png,0
88_5.png,0
88_6.png,0
88_7.png,0
88_8.png,0
88_9.png,0
88_10.png,0
88_11.png,0
88_12.png,0
88_13.png,0
88_14.png,0
88_15.png,0
88_16.png,0
89_1.png,1
89_2.png,1
89_3.png,0
89_4.png,0
89_5.png,0
89_6.png,0
89_7.png,0
89_8.png,0
89_9.png,0
89_10.png,0
89_11.png,0
89_12.png,0
89_13.png,0
89_14.png,0
89_15.png,0
89_16.png,0
89_17.png,0
89_18.png,0
89_19.png,0
89_20.png,0
89_21.png,0
89_22.png,0
89_23.png,0
89_24.png,0
89_25.png,0
90_1.png,1
90_2.png,1
90_3.png,0
90_4.png,0
90_5.png,0
90_6.png,0
90_7.png,0
90_8.png,0
90_9.png,0
90_10.png,0
90_11.png,0
90_12.png,0
90_13.png,0
90_14.png,0
90_15.png,0
90_16.png,0
90_17.png,0
90_18.png,0
90_19.png,0
90_20.png,0
90_21.png,0
90_22.png,0
90_23.png,0
90_24.png,0
90_25.png,0
90_26.png,0
90_27.png,0
90_28.png,0
90_29.png,0
90_30.png,0
90_31.png,0
90_32.png,0
90_33.png,0
90_34.png,0
91_1.png,1
91_2.png,1
91_3.png,0
91_4.png,0
91_5.png,0
91_6.png,0
91_7.png,0
91_8.png,0
91_9.png,0
91_10.png,0
91_11.png,0
91_12.png,0
91_13.png,0
91_14.png,0
91_15.png,0
91_16.png,0
91_17.png,0
91_18.png,0
91_19.png,0
91_20.png,0
92_1.png,1
92_2.png,1
92_3.png,0
92_4.png,0
92_5.png,0
92_6.png,0
92_7.png,0
92_8.png,0
92_9.png,0
92_10.png,0
92_11.png,0
92_12.png,0
92_13.png,0
92_14.png,0
92_15.png,0
92_16.png,0
92_17.png,0
92_18.png,0
92_19.png,0
92_20.png,0
92_21.png,0
92_22.png,0
92_23.png,0
93_1.png,1
93_2.png,1
93_3.png,0
93_4.png,0
93_5.png,0
93_6.png,0
93_7.png,0
93_8.png,0
93_9.png,0
93_10.png,0
93_11.png,0
93_12.png,0
93_13.png,0
93_14.png,0
94_1.png,1
94_2.png,1
94_3.png,0
94_4.png,0
94_5.png,0
94_6.png,0
94_7.png,0
94_8.png,0
94_9.png,0
94_10.png,0
94_11.png,0
94_12.png,0
94_13.png,0
95_1.png,1
95_2.png,1
95_3.png,0
95_4.png,0
95_5.png,0
95_6.png,0
95_7.png,0
95_8.png,0
95_9.png,0
95_10.png,0
95_11.png,0
95_12.png,0
95_13.png,0
95_14.png,0
95_15.png,0
95_16.png,0
95_17.png,0
95_18.png,0
95_19.png,0
95_20.png,0
95_21.png,0
95_22.png,0
95_23.png,0
95_24.png,0
95_25.png,0
95_26.png,0
95_27.png,0
95_28.png,0
95_29.png,0
95_30.png,0
95_31.png,0
95_32.png,0
95_33.png,0
95_34.png,0
95_35.png,0
95_36.png,0
95_37.png,0
95_38.png,0
95_39.png,0
95_40.png,0
95_41.png,0
95_42.png,0
95_43.png,0
95_44.png,0
95_45.png,0
95_46.png,0
95_47.png,0
95_48.png,0
95_49.png,0
95_50.png,0
95_51.png,0
95_52.png,0
95_53.png,0
95_54.png,0
95_55.png,0
95_56.png,0
95_57.png,0
95_58.png,0
95_59.png,0
96_1.png,1
96_2.png,1
96_3.png,0
96_4.png,0
96_5.png,0
96_6.png,0
96_7.png,0
96_8.png,0
96_9.png,0
96_10.png,0
96_11.png,0
96_12.png,0
96_13.png,0
96_14.png,0
97_1.png,1
97_2.png,0
97_3.png,0
97_4.png,0
97_5.png,0
97_6.png,0
97_7.png,0
97_8.png,0
97_9.png,0
97_10.png,0
97_11.png,0
97_12.png,0
97_13.png,0
97_14.png,0
97_15.png,0
97_16.png,0
97_17.png,0
97_18.png,0
97_19.png,0
98_1.png,1
98_2.png,1
98_3.png,0
98_4.png,0
98_5.png,0
98_6.png,0
98_7.png,0
98_8.png,0
98_9.png,0
98_10.png,0
98_11.png,0
98_12.png,0
98_13.png,0
98_14.png,0
98_15.png,0
98_16.png,0
98_17.png,0
98_18.png,0
98_19.png,0
98_20.png,0
98_21.png,0
98_22.png,0
98_23.png,0
98_24.png,0
98_25.png,0
98_26.png,0
98_27.png,0
98_28.png,0
98_29.png,0
98_30.png,0
98_31.png,0
98_32.png,0
98_33.png,0
98_34.png,0
98_35.png,0
98_36.png,0
99_1.png,1
99_2.png,1
99_3.png,0
99_4.png,0
99_5.png,0
99_6.png,0
99_7.png,0
99_8.png,0
99_9.png,0
99_10.png,0
99_11.png,0
99_12.png,0
99_13.png,0
99_14.png,0
99_15.png,0
99_16.png,0
99_17.png,0
100_1.png,1
100_2.png,1
100_3.png,0
100_4.png,0
100_5.png,0
100_6.png,0
100_7.png,0
100_8.png,0
100_9.png,0
100_10.png,0
100_11.png,0
100_12.png,0
100_13.png,0
100_14.png,0
101_1.png,1
101_2.png,1
101_3.png,0
101_4.png,0
101_5.png,0
101_6.png,0
101_7.png,0
101_8.png,0
101_9.png,0
101_10.png,0
101_11.png,0
101_12.png,0
101_13.png,0
101_14.png,0
101_15.png,0
101_16.png,0
101_17.png,0
101_18.png,0
101_19.png,0
101_20.png,0
101_21.png,0
101_22.png,0
101_23.png,0
102_1.png,1
102_2.png,1
102_3.png,0
102_4.png,0
102_5.png,0
102_6.png,0
102_7.png,0
102_8.png,0
102_9.png,0
102_10.png,0
102_11.png,0
102_12.png,0
102_13.png,0
102_14.png,0
102_15.png,0
102_16.png,0
102_17.png,0
102_18.png,0
102_19.png,0
102_20.png,0
102_21.png,0
102_22.png,0
102_23.png,0
102_24.png,0
102_25.png,0
102_26.png,0
102_27.png,0
102_28.png,0
102_29.png,0
102_30.png,0
102_31.png,0
102_32.png,0
103_1.png,1
103_2.png,1
103_3.png,0
103_4.png,0
103_5.png,0
103_6.png,0
103_7.png,0
103_8.png,0
103_9.png,0
103_10.png,0
103_11.png,0
103_12.png,0
103_13.png,0
103_14.png,0
103_15.png,0
103_16.png,0
104_1.png,1
104_2.png,1
104_3.png,0
104_4.png,0
104_5.png,0
104_6.png,0
104_7.png,0
104_8.png,0
104_9.png,0
104_10.png,0
104_11.png,0
104_12.png,0
104_13.png,0
104_14.png,0
104_15.png,0
104_16.png,0
104_17.png,0
104_18.png,0
104_19.png,0
104_20.png,0
104_21.png,0
105_1.png,1
105_2.png,1
105_3.png,0
105_4.png,0
105_5.png,0
105_6.png,0
105_7.png,0
105_8.png,0
105_9.png,0
105_10.png,0
105_11.png,0
105_12.png,0
105_13.png,0
105_14.png,0
105_15.png,0
105_16.png,0
105_17.png,0
105_18.png,0
105_19.png,0
105_20.png,0
105_21.png,0
105_22.png,0
105_23.png,0
105_24.png,0
105_25.png,0
105_26.png,0
105_27.png,0
105_28.png,0
105_29.png,0
105_30.png,0
105_31.png,0
105_32.png,0
106_1.png,1
106_2.png,1
106_3.png,0
106_4.png,0
106_5.png,0
106_6.png,0
106_7.png,0
106_8.png,0
106_9.png,0
106_10.png,0
106_11.png,0
106_12.png,0
106_13.png,0
106_14.png,0
106_15.png,0
106_16.png,0
106_17.png,0
106_18.png,0
106_19.png,0
106_20.png,0
106_21.png,0
106_22.png,0
106_23.png,0
107_1.png,1
107_2.png,1
107_3.png,0
107_4.png,0
107_5.png,0
107_6.png,0
107_7.png,0
107_8.png,0
107_9.png,0
107_10.png,0
107_11.png,0
108_1.png,1
108_2.png,1
108_3.png,0
108_4.png,0
108_5.png,0
108_6.png,0
108_7.png,0
108_8.png,0
108_9.png,0
108_10.png,0
108_11.png,0
108_12.png,0
108_13.png,0
108_14.png,0
108_15.png,0
109_1.png,1
109_2.png,1
109_3.png,0
109_4.png,0
109_5.png,0
109_6.png,0
109_7.png,0
109_8.png,0
109_9.png,0
109_10.png,0
109_11.png,0
109_12.png,0
109_13.png,0
109_14.png,0
109_15.png,0
109_16.png,0
109_17.png,0
109_18.png,0
109_19.png,0
109_20.png,0
109_21.png,0
109_22.png,0
109_23.png,0
109_24.png,0
109_25.png,0
109_26.png,0
110_1.png,1
110_2.png,1
110_3.png,0
110_4.png,0
110_5.png,0
110_6.png,0
110_7.png,0
110_8.png,0
110_9.png,0
110_10.png,0
110_11.png,0
110_12.png,0
110_13.png,0
110_14.png,0
111_1.png,1
111_2.png,1
111_3.png,0
111_4.png,0
111_5.png,0
111_6.png,0
111_7.png,0
111_8.png,0
111_9.png,0
111_10.png,0
111_11.png,0
111_12.png,0
111_13.png,0
111_14.png,0
111_15.png,0
111_16.png,0
111_17.png,0
111_18.png,0
111_19.png,0
111_20.png,0
112_1.png,1
112_2.png,1
112_3.png,0
112_4.png,0
112_5.png,0
112_6.png,0
112_7.png,0
112_8.png,0
112_9.png,0
112_10.png,0
112_11.png,0
112_12.png,0
112_13.png,0
112_14.png,0
112_15.png,0
112_16.png,0
112_17.png,0
112_18.png,0
112_19.png,0
112_20.png,0
112_21.png,0
113_1.png,1
113_2.png,1
113_3.png,0
113_4.png,0
113_5.png,0
113_6.png,0
113_7.png,0
113_8.png,0
113_9.png,0
113_10.png,0
113_11.png,0
114_1.png,1
114_2.png,1
114_3.png,0
114_4.png,0
114_5.png,0
114_6.png,0
114_7.png,0
114_8.png,0
114_9.png,0
114_10.png,0
114_11.png,0
114_12.png,0
114_13.png,0
114_14.png,0
114_15.png,0
114_16.png,0
115_1.png,1
115_2.png,1
115_3.png,0
115_4.png,0
115_5.png,0
115_6.png,0
115_7.png,0
115_8.png,0
115_9.png,0
115_10.png,0
115_11.png,0
115_12.png,0
115_13.png,0
115_14.png,0
115_15.png,0
115_16.png,0
115_17.png,0
115_18.png,0
115_19.png,0
116_1.png,1
116_2.png,0
116_3.png,0
116_4.png,0
116_5.png,0
116_6.png,0
116_7.png,0
116_8.png,0
116_9.png,0
116_10.png,0
116_11.png,0
116_12.png,0
116_13.png,0
116_14.png,0
116_15.png,0
117_1.png,1
117_2.png,1
117_3.png,0
117_4.png,0
117_5.png,0
117_6.png,0
117_7.png,0
117_8.png,0
117_9.png,0
117_10.png,0
117_11.png,0
117_12.png,0
117_13.png,0
117_14.png,0
117_15.png,0
117_16.png,0
117_17.png,0
117_18.png,0
117_19.png,0
117_20.png,0
117_21.png,0
117_22.png,0
117_23.png,0
117_24.png,0
117_25.png,0
117_26.png,0
117_27.png,0
117_28.png,0
117_29.png,0
117_30.png,0
117_31.png,0
117_32.png,0
117_33.png,0
117_34.png,0
117_35.png,0
117_36.png,0
117_37.png,0
117_38.png,0
117_39.png,0
117_40.png,0
117_41.png,0
117_42.png,0
117_43.png,0
117_44.png,0
117_45.png,0
117_46.png,0
118_1.png,1
118_2.png,1
118_3.png,0
118_4.png,0
118_5.png,0
118_6.png,0
118_7.png,0
118_8.png,0
118_9.png,0
118_10.png,0
118_11.png,0
118_12.png,0
118_13.png,0
118_14.png,0
118_15.png,0
119_1.png,1
119_2.png,0
119_3.png,0
119_4.png,0
119_5.png,0
119_6.png,0
119_7.png,0
119_8.png,0
119_9.png,0
119_10.png,0
119_11.png,0
119_12.png,0
119_13.png,0
119_14.png,0
119_15.png,0
119_16.png,0
119_17.png,0
119_18.png,0
119_19.png,0
119_20.png,0
119_21.png,0
119_22.png,0
119_23.png,0
119_24.png,0
119_25.png,0
119_26.png,0
119_27.png,0
120_1.png,1
120_2.png,1
120_3.png,0
120_4.png,0
120_5.png,0
120_6.png,0
120_7.png,0
120_8.png,0
120_9.png,0
120_10.png,0
121_1.png,1
121_2.png,1
121_3.png,0
121_4.png,0
121_5.png,0
121_6.png,0
121_7.png,0
121_8.png,0
121_9.png,0
121_10.png,0
121_11.png,0
121_12.png,0
121_13.png,0
121_14.png,0
121_15.png,0
121_16.png,0
121_17.png,0
121_18.png,0
121_19.png,0
121_20.png,0
121_21.png,0
121_22.png,0
121_23.png,0
122_1.png,1
122_2.png,1
122_3.png,0
122_4.png,0
122_5.png,0
122_6.png,0
122_7.png,0
122_8.png,0
122_9.png,0
122_10.png,0
122_11.png,0
122_12.png,0
122_13.png,0
122_14.png,0
122_15.png,0
122_16.png,0
122_17.png,0
122_18.png,0
122_19.png,0
122_20.png,0
122_21.png,0
123_1.png,1
123_2.png,0
123_3.png,0
123_4.png,0
123_5.png,0
123_6.png,0
123_7.png,0
123_8.png,0
123_9.png,0
123_10.png,0
123_11.png,0
123_12.png,0
123_13.png,0
123_14.png,0
123_15.png,0
123_16.png,0
123_17.png,0
124_1.png,1
124_2.png,1
124_3.png,0
124_4.png,0
124_5.png,0
124_6.png,0
124_7.png,0
124_8.png,0
124_9.png,0
124_10.png,0
124_11.png,0
125_1.png,1
125_2.png,1
125_3.png,0
125_4.png,0
125_5.png,0
125_6.png,0
125_7.png,0
125_8.png,0
125_9.png,0
125_10.png,0
125_11.png,0
125_12.png,0
125_13.png,0
125_14.png,0
125_15.png,0
125_16.png,0
125_17.png,0
125_18.png,0
126_1.png,1
126_2.png,1
126_3.png,0
126_4.png,0
126_5.png,0
126_6.png,0
126_7.png,0
126_8.png,0
126_9.png,0
126_10.png,0
126_11.png,0
126_12.png,0
126_13.png,0
126_14.png,0
126_15.png,0
126_16.png,0
126_17.png,0
126_18.png,0
126_19.png,0
126_20.png,0
126_21.png,0
126_22.png,0
126_23.png,0
127_1.png,1
127_2.png,1
127_3.png,0
127_4.png,0
127_5.png,0
127_6.png,0
127_7.png,0
127_8.png,0
127_9.png,0
128_1.png,1
128_2.png,1
128_3.png,0
128_4.png,0
128_5.png,0
128_6.png,0
128_7.png,0
128_8.png,0
128_9.png,0
128_10.png,0
128_11.png,0
128_12.png,0
128_13.png,0
128_14.png,0
129_1.png,1
129_2.png,1
129_3.png,0
129_4.png,0
129_5.png,0
129_6.png,0
129_7.png,0
129_8.png,0
129_9.png,0
129_10.png,0
129_11.png,0
130_1.png,1
130_2.png,1
130_3.png,0
130_4.png,0
130_5.png,0
130_6.png,0
130_7.png,0
131_1.png,1
131_2.png,1
131_3.png,0
131_4.png,0
131_5.png,0
131_6.png,0
131_7.png,0
131_8.png,0
131_9.png,0
131_10.png,0
131_11.png,0
131_12.png,0
131_13.png,0
131_14.png,0
131_15.png,0
131_16.png,0
131_17.png,0
132_1.png,1
132_2.png,1
132_3.png,0
132_4.png,0
132_5.png,0
132_6.png,0
132_7.png,0
132_8.png,0
132_9.png,0
132_10.png,0
132_11.png,0
132_12.png,0
132_13.png,0
132_14.png,0
132_15.png,0
132_16.png,0
132_17.png,0
132_18.png,0
132_19.png,0
132_20.png,0
132_21.png,0
132_22.png,0
132_23.png,0
132_24.png,0
132_25.png,0
132_26.png,0
132_27.png,0
132_28.png,0
132_29.png,0
132_30.png,0
132_31.png,0
132_32.png,0
132_33.png,0
132_34.png,0
132_35.png,0
132_36.png,0
132_37.png,0
132_38.png,0
132_39.png,0
132_40.png,0
132_41.png,0
132_42.png,0
132_43.png,0
132_44.png,0
132_45.png,0
132_46.png,0
132_47.png,0
132_48.png,0
132_49.png,0
132_50.png,0
132_51.png,0
132_52.png,0
133_1.png,1
133_2.png,1
133_3.png,0
133_4.png,0
133_5.png,0
133_6.png,0
133_7.png,0
133_8.png,0
133_9.png,0
133_10.png,0
133_11.png,0
133_12.png,0
133_13.png,0
133_14.png,0
133_15.png,0
133_16.png,0
133_17.png,0
133_18.png,0
133_19.png,0
133_20.png,0
134_1.png,1
134_2.png,1
134_3.png,0
134_4.png,0
134_5.png,0
134_6.png,0
134_7.png,0
134_8.png,0
134_9.png,0
134_10.png,0
135_1.png,1
135_2.png,1
135_3.png,0
135_4.png,0
135_5.png,0
135_6.png,0
135_7.png,0
135_8.png,0
135_9.png,0
135_10.png,0
136_1.png,1
136_2.png,1
136_3.png,0
136_4.png,0
136_5.png,0
136_6.png,0
136_7.png,0
136_8.png,0
136_9.png,0
136_10.png,0
136_11.png,0
136_12.png,0
136_13.png,0
136_14.png,0
136_15.png,0
136_16.png,0
136_17.png,0
136_18.png,0
136_19.png,0
136_20.png,0
136_21.png,0
136_22.png,0
136_23.png,0
137_1.png,1
137_2.png,1
137_3.png,0
137_4.png,0
137_5.png,0
137_6.png,0
137_7.png,0
137_8.png,0
137_9.png,0
137_10.png,0
137_11.png,0
137_12.png,0
137_13.png,0
137_14.png,0
137_15.png,0
137_16.png,0
137_17.png,0
137_18.png,0
137_19.png,0
137_20.png,0
137_21.png,0
137_22.png,0
137_23.png,0
137_24.png,0
137_25.png,0
137_26.png,0
137_27.png,0
137_28.png,0
137_29.png,0
137_30.png,0
137_31.png,0
137_32.png,0
137_33.png,0
138_1.png,1
138_2.png,1
138_3.png,0
138_4.png,0
138_5.png,0
138_6.png,0
138_7.png,0
138_8.png,0
138_9.png,0
138_10.png,0
138_11.png,0
138_12.png,0
138_13.png,0
138_14.png,0
138_15.png,0
138_16.png,0
138_17.png,0
138_18.png,0
138_19.png,0
138_20.png,0
138_21.png,0
138_22.png,0
139_1.png,1
139_2.png,1
139_3.png,0
139_4.png,0
139_5.png,0
139_6.png,0
139_7.png,0
139_8.png,0
139_9.png,0
139_10.png,0
139_11.png,0
139_12.png,0
139_13.png,0
139_14.png,0
139_15.png,0
140_1.png,1
140_2.png,1
140_3.png,0
140_4.png,0
140_5.png,0
140_6.png,0
140_7.png,0
140_8.png,0
140_9.png,0
140_10.png,0
140_11.png,0
140_12.png,0
140_13.png,0
141_1.png,1
141_2.png,1
141_3.png,0
141_4.png,0
141_5.png,0
141_6.png,0
141_7.png,0
141_8.png,0
141_9.png,0
141_10.png,0
141_11.png,0
141_12.png,0
141_13.png,0
141_14.png,0
141_15.png,0
141_16.png,0
141_17.png,0
141_18.png,0
142_1.png,1
142_2.png,1
142_3.png,0
142_4.png,0
142_5.png,0
142_6.png,0
142_7.png,0
142_8.png,0
142_9.png,0
142_10.png,0
142_11.png,0
142_12.png,0
143_1.png,1
143_2.png,1
143_3.png,0
143_4.png,0
143_5.png,0
143_6.png,0
143_7.png,0
143_8.png,0
143_9.png,0
143_10.png,0
143_11.png,0
143_12.png,0
143_13.png,0
143_14.png,0
143_15.png,0
143_16.png,0
143_17.png,0
143_18.png,0
143_19.png,0
144_1.png,1
144_2.png,1
144_3.png,0
144_4.png,0
144_5.png,0
144_6.png,0
144_7.png,0
144_8.png,0
144_9.png,0
144_10.png,0
144_11.png,0
144_12.png,0
144_13.png,0
144_14.png,0
144_15.png,0
144_16.png,0
145_1.png,1
145_2.png,1
145_3.png,0
145_4.png,0
145_5.png,0
145_6.png,0
145_7.png,0
145_8.png,0
145_9.png,0
145_10.png,0
145_11.png,0
145_12.png,0
145_13.png,0
145_14.png,0
145_15.png,0
145_16.png,0
145_17.png,0
145_18.png,0
145_19.png,0
145_20.png,0
145_21.png,0
145_22.png,0
145_23.png,0
145_24.png,0
145_25.png,0
145_26.png,0
146_1.png,1
146_2.png,1
146_3.png,0
146_4.png,0
146_5.png,0
146_6.png,0
146_7.png,0
146_8.png,0
146_9.png,0
146_10.png,0
146_11.png,0
146_12.png,0
147_1.png,1
147_2.png,1
147_3.png,0
147_4.png,0
147_5.png,0
147_6.png,0
147_7.png,0
147_8.png,0
147_9.png,0
147_10.png,0
147_11.png,0
147_12.png,0
147_13.png,0
147_14.png,0
147_15.png,0
147_16.png,0
147_17.png,0
147_18.png,0
147_19.png,0
148_1.png,1
148_2.png,1
148_3.png,0
148_4.png,0
148_5.png,0
148_6.png,0
148_7.png,0
148_8.png,0
148_9.png,0
148_10.png,0
148_11.png,0
148_12.png,0
148_13.png,0
148_14.png,0
148_15.png,0
148_16.png,0
148_17.png,0
148_18.png,0
148_19.png,0
148_20.png,0
148_21.png,0
148_22.png,0
148_23.png,0
148_24.png,0
148_25.png,0
148_26.png,0
148_27.png,0
148_28.png,0
148_29.png,0
148_30.png,0
148_31.png,0
148_32.png,0
148_33.png,0
148_34.png,0
148_35.png,0
148_36.png,0
148_37.png,0
148_38.png,0
148_39.png,0
148_40.png,0
148_41.png,0
148_42.png,0
148_43.png,0
148_44.png,0
148_45.png,0
148_46.png,0
148_47.png,0
148_48.png,0
148_49.png,0
148_50.png,0
148_51.png,0
148_52.png,0
148_53.png,0
148_54.png,0
148_55.png,0
148_56.png,0
148_57.png,0
148_58.png,0
148_59.png,0
148_60.png,0
148_61.png,0
148_62.png,0
148_63.png,0
148_64.png,0
148_65.png,0
148_66.png,0
148_67.png,0
148_68.png,0
148_69.png,0
148_70.png,0
148_71.png,0
148_72.png,0
148_73.png,0
148_74.png,0
148_75.png,0
148_76.png,0
148_77.png,0
148_78.png,0
148_79.png,0
148_80.png,0
148_81.png,0
148_82.png,0
148_83.png,0
148_84.png,0
148_85.png,0
148_86.png,0
148_87.png,0
148_88.png,0
148_89.png,0
148_90.png,0
148_91.png,0
148_92.png,0
148_93.png,0
148_94.png,0
148_95.png,0
148_96.png,0
148_97.png,0
148_98.png,0
148_99.png,0
148_100.png,0
148_101.png,0
148_102.png,0
148_103.png,0
148_104.png,0
148_105.png,0
148_106.png,0
148_107.png,0
148_108.png,0
148_109.png,0
148_110.png,0
148_111.png,0
148_112.png,0
148_113.png,0
148_114.png,0
148_115.png,0
148_116.png,0
148_117.png,0
148_118.png,0
148_119.png,0
148_120.png,0
148_121.png,0
149_1.png,1
149_2.png,1
149_3.png,0
149_4.png,0
149_5.png,0
149_6.png,0
149_7.png,0
149_8.png,0
149_9.png,0
150_1.png,1
150_2.png,1
150_3.png,0
150_4.png,0
150_5.png,0
150_6.png,0
150_7.png,0
150_8.png,0
150_9.png,0
150_10.png,0
150_11.png,0
150_12.png,0
150_13.png,0
150_14.png,0
150_15.png,0
150_16.png,0
150_17.png,0
150_18.png,0
150_19.png,0
150_20.png,0
150_21.png,0
151_1.png,1
151_2.png,1
151_3.png,0
151_4.png,0
151_5.png,0
151_6.png,0
151_7.png,0
151_8.png,0
152_1.png,1
152_2.png,1
152_3.png,0
152_4.png,0
152_5.png,0
152_6.png,0
152_7.png,0
152_8.png,0
152_9.png,0
152_10.png,0
152_11.png,0
152_12.png,0
152_13.png,0
152_14.png,0
152_15.png,0
152_16.png,0
152_17.png,0
152_18.png,0
152_19.png,0
152_20.png,0
152_21.png,0
152_22.png,0
152_23.png,0
152_24.png,0
152_25.png,0
152_26.png,0
152_27.png,0
152_28.png,0
152_29.png,0
153_1.png,1
153_2.png,1
153_3.png,0
153_4.png,0
153_5.png,0
153_6.png,0
153_7.png,0
153_8.png,0
153_9.png,0
153_10.png,0
153_11.png,0
153_12.png,0
153_13.png,0
153_14.png,0
153_15.png,0
153_16.png,0
153_17.png,0
154_1.png,1
154_2.png,1
154_3.png,0
154_4.png,0
154_5.png,0
154_6.png,0
154_7.png,0
154_8.png,0
154_9.png,0
154_10.png,0
154_11.png,0
154_12.png,0
154_13.png,0
154_14.png,0
154_15.png,0
154_16.png,0
154_17.png,0
155_1.png,1
155_2.png,1
155_3.png,0
155_4.png,0
155_5.png,0
155_6.png,0
155_7.png,0
156_1.png,1
156_2.png,1
156_3.png,0
156_4.png,0
156_5.png,0
156_6.png,0
156_7.png,0
156_8.png,0
156_9.png,0
156_10.png,0
156_11.png,0
156_12.png,0
156_13.png,0
156_14.png,0
156_15.png,0
156_16.png,0
156_17.png,0
156_18.png,0
156_19.png,0
156_20.png,0
156_21.png,0
156_22.png,0
156_23.png,0
156_24.png,0
156_25.png,0
156_26.png,0
157_1.png,1
157_2.png,1
157_3.png,0
157_4.png,0
157_5.png,0
157_6.png,0
157_7.png,0
157_8.png,0
157_9.png,0
157_10.png,0
157_11.png,0
157_12.png,0
157_13.png,0
157_14.png,0
157_15.png,0
157_16.png,0
157_17.png,0
157_18.png,0
157_19.png,0
157_20.png,0
157_21.png,0
157_22.png,0
157_23.png,0
157_24.png,0
157_25.png,0
158_1.png,1
158_2.png,1
158_3.png,0
158_4.png,0
158_5.png,0
158_6.png,0
158_7.png,0
158_8.png,0
158_9.png,0
158_10.png,0
158_11.png,0
158_12.png,0
158_13.png,0
158_14.png,0
159_1.png,1
159_2.png,1
159_3.png,0
159_4.png,0
159_5.png,0
159_6.png,0
159_7.png,0
159_8.png,0
159_9.png,0
159_10.png,0
159_11.png,0
159_12.png,0
159_13.png,0
159_14.png,0
159_15.png,0
159_16.png,0
159_17.png,0
159_18.png,0
159_19.png,0
160_1.png,1
160_2.png,1
160_3.png,0
160_4.png,0
160_5.png,0
160_6.png,0
160_7.png,0
160_8.png,0
160_9.png,0
160_10.png,0
160_11.png,0
160_12.png,0
160_13.png,0
160_14.png,0
160_15.png,0
160_16.png,0
160_17.png,0
161_1.png,1
161_2.png,1
161_3.png,0
161_4.png,0
161_5.png,0
161_6.png,0
161_7.png,0
161_8.png,0
161_9.png,0
161_10.png,0
161_11.png,0
161_12.png,0
161_13.png,0
161_14.png,0
161_15.png,0
161_16.png,0
161_17.png,0
161_18.png,0
161_19.png,0
161_20.png,0
161_21.png,0
161_22.png,0
161_23.png,0
161_24.png,0
161_25.png,0
161_26.png,0
161_27.png,0
161_28.png,0
161_29.png,0
161_30.png,0
161_31.png,0
161_32.png,0
161_33.png,0
161_34.png,0
161_35.png,0
161_36.png,0
161_37.png,0
161_38.png,0
161_39.png,0
161_40.png,0
161_41.png,0
162_1.png,1
162_2.png,1
162_3.png,0
162_4.png,0
162_5.png,0
162_6.png,0
162_7.png,0
162_8.png,0
162_9.png,0
162_10.png,0
163_1.png,1
163_2.png,1
163_3.png,0
163_4.png,0
163_5.png,0
163_6.png,0
163_7.png,0
163_8.png,0
163_9.png,0
163_10.png,0
163_11.png,0
163_12.png,0
163_13.png,0
163_14.png,0
163_15.png,0
163_16.png,0
163_17.png,0
163_18.png,0
163_19.png,0
163_20.png,0
163_21.png,0
163_22.png,0
163_23.png,0
163_24.png,0
163_25.png,0
163_26.png,0
163_27.png,0
163_28.png,0
163_29.png,0
163_30.png,0
163_31.png,0
163_32.png,0
163_33.png,0
163_34.png,0
163_35.png,0
163_36.png,0
163_37.png,0
163_38.png,0
163_39.png,0
163_40.png,0
163_41.png,0
163_42.png,0
163_43.png,0
163_44.png,0
163_45.png,0
163_46.png,0
163_47.png,0
163_48.png,0
163_49.png,0
164_1.png,1
164_2.png,0
164_3.png,0
164_4.png,0
164_5.png,0
164_6.png,0
164_7.png,0
164_8.png,0
164_9.png,0
164_10.png,0
164_11.png,0
165_1.png,1
165_2.png,1
165_3.png,0
165_4.png,0
165_5.png,0
165_6.png,0
165_7.png,0
165_8.png,0
165_9.png,0
165_10.png,0
165_11.png,0
165_12.png,0
165_13.png,0
165_14.png,0
165_15.png,0
165_16.png,0
165_17.png,0
165_18.png,0
165_19.png,0
165_20.png,0
165_21.png,0
165_22.png,0
165_23.png,0
165_24.png,0
165_25.png,0
165_26.png,0
165_27.png,0
165_28.png,0
165_29.png,0
165_30.png,0
165_31.png,0
165_32.png,0
165_33.png,0
165_34.png,0
165_35.png,0
165_36.png,0
165_37.png,0
165_38.png,0
165_39.png,0
165_40.png,0
165_41.png,0
165_42.png,0
165_43.png,0
165_44.png,0
165_45.png,0
165_46.png,0
165_47.png,0
165_48.png,0
166_1.png,1
166_2.png,1
166_3.png,0
166_4.png,0
166_5.png,0
166_6.png,0
166_7.png,0
166_8.png,0
166_9.png,0
166_10.png,0
166_11.png,0
166_12.png,0
167_1.png,1
167_2.png,1
167_3.png,0
167_4.png,0
167_5.png,0
167_6.png,0
167_7.png,0
167_8.png,0
168_1.png,1
168_2.png,1
168_3.png,0
168_4.png,0
168_5.png,0
168_6.png,0
168_7.png,0
168_8.png,0
168_9.png,0
168_10.png,0
168_11.png,0
168_12.png,0
168_13.png,0
168_14.png,0
168_15.png,0
168_16.png,0
168_17.png,0
168_18.png,0
168_19.png,0
168_20.png,0
168_21.png,0
169_1.png,1
169_2.png,1
169_3.png,0
169_4.png,0
169_5.png,0
169_6.png,0
169_7.png,0
169_8.png,0
169_9.png,0
169_10.png,0
169_11.png,0
169_12.png,0
169_13.png,0
169_14.png,0
169_15.png,0
169_16.png,0
169_17.png,0
169_18.png,0
169_19.png,0
169_20.png,0
169_21.png,0
169_22.png,0
170_1.png,1
170_2.png,1
170_3.png,0
170_4.png,0
170_5.png,0
170_6.png,0
170_7.png,0
170_8.png,0
170_9.png,0
170_10.png,0
170_11.png,0
170_12.png,0
170_13.png,0
170_14.png,0
170_15.png,0
170_16.png,0
170_17.png,0
170_18.png,0
170_19.png,0
170_20.png,0
170_21.png,0
170_22.png,0
170_23.png,0
170_24.png,0
170_25.png,0
170_26.png,0
171_1.png,1
171_2.png,1
171_3.png,0
171_4.png,0
171_5.png,0
171_6.png,0
171_7.png,0
171_8.png,0
171_9.png,0
171_10.png,0
171_11.png,0
171_12.png,0
171_13.png,0
171_14.png,0
171_15.png,0
171_16.png,0
171_17.png,0
171_18.png,0
171_19.png,0
171_20.png,0
171_21.png,0
171_22.png,0
171_23.png,0
171_24.png,0
171_25.png,0
171_26.png,0
171_27.png,0
171_28.png,0
171_29.png,0
171_30.png,0
172_1.png,1
172_2.png,1
172_3.png,0
172_4.png,0
172_5.png,0
172_6.png,0
172_7.png,0
172_8.png,0
172_9.png,0
172_10.png,0
172_11.png,0
172_12.png,0
172_13.png,0
172_14.png,0
173_1.png,1
173_2.png,1
173_3.png,0
173_4.png,0
173_5.png,0
173_6.png,0
173_7.png,0
173_8.png,0
173_9.png,0
173_10.png,0
173_11.png,0
173_12.png,0
173_13.png,0
173_14.png,0
173_15.png,0
173_16.png,0
173_17.png,0
173_18.png,0
173_19.png,0
173_20.png,0
174_1.png,1
174_2.png,1
174_3.png,0
174_4.png,0
174_5.png,0
174_6.png,0
174_7.png,0
174_8.png,0
174_9.png,0
174_10.png,0
174_11.png,0
174_12.png,0
174_13.png,0
174_14.png,0
174_15.png,0
174_16.png,0
174_17.png,0
174_18.png,0
174_19.png,0
174_20.png,0
174_21.png,0
174_22.png,0
174_23.png,0
174_24.png,0
174_25.png,0
175_1.png,1
175_2.png,1
175_3.png,0
175_4.png,0
175_5.png,0
175_6.png,0
175_7.png,0
175_8.png,0
175_9.png,0
175_10.png,0
175_11.png,0
175_12.png,0
175_13.png,0
175_14.png,0
175_15.png,0
176_1.png,1
176_2.png,0
176_3.png,0
176_4.png,0
176_5.png,0
176_6.png,0
176_7.png,0
176_8.png,0
176_9.png,0
176_10.png,0
176_11.png,0
176_12.png,0
176_13.png,0
176_14.png,0
176_15.png,0
176_16.png,0
176_17.png,0
176_18.png,0
176_19.png,0
176_20.png,0
176_21.png,0
176_22.png,0
177_1.png,1
177_2.png,1
177_3.png,0
177_4.png,0
177_5.png,0
177_6.png,0
177_7.png,0
177_8.png,0
177_9.png,0
177_10.png,0
177_11.png,0
177_12.png,0
177_13.png,0
177_14.png,0
177_15.png,0
177_16.png,0
177_17.png,0
177_18.png,0
177_19.png,0
177_20.png,0
177_21.png,0
177_22.png,0
177_23.png,0
177_24.png,0
177_25.png,0
177_26.png,0
177_27.png,0
177_28.png,0
177_29.png,0
177_30.png,0
177_31.png,0
178_1.png,1
178_2.png,1
178_3.png,0
178_4.png,0
178_5.png,0
178_6.png,0
178_7.png,0
178_8.png,0
178_9.png,0
178_10.png,0
178_11.png,0
178_12.png,0
178_13.png,0
178_14.png,0
178_15.png,0
178_16.png,0
178_17.png,0
178_18.png,0
178_19.png,0
178_20.png,0
179_1.png,1
179_2.png,1
179_3.png,0
179_4.png,0
179_5.png,0
179_6.png,0
179_7.png,0
179_8.png,0
179_9.png,0
179_10.png,0
179_11.png,0
179_12.png,0
179_13.png,0
179_14.png,0
179_15.png,0
180_1.png,1
180_2.png,1
180_3.png,0
180_4.png,0
180_5.png,0
180_6.png,0
180_7.png,0
180_8.png,0
180_9.png,0
180_10.png,0
180_11.png,0
181_1.png,1
181_2.png,1
181_3.png,0
181_4.png,0
181_5.png,0
181_6.png,0
181_7.png,0
181_8.png,0
181_9.png,0
181_10.png,0
181_11.png,0
181_12.png,0
181_13.png,0
181_14.png,0
181_15.png,0
181_16.png,0
181_17.png,0
181_18.png,0
181_19.png,0
181_20.png,0
181_21.png,0
181_22.png,0
181_23.png,0
181_24.png,0
181_25.png,0
181_26.png,0
181_27.png,0
181_28.png,0
181_29.png,0
181_30.png,0
181_31.png,0
181_32.png,0
181_33.png,0
181_34.png,0
181_35.png,0
181_36.png,0
182_1.png,1
182_2.png,1
182_3.png,0
182_4.png,0
182_5.png,0
182_6.png,0
182_7.png,0
182_8.png,0
182_9.png,0
182_10.png,0
182_11.png,0
182_12.png,0
183_1.png,1
183_2.png,1
183_3.png,0
183_4.png,0
183_5.png,0
183_6.png,0
183_7.png,0
183_8.png,0
183_9.png,0
183_10.png,0
183_11.png,0
183_12.png,0
183_13.png,0
183_14.png,0
183_15.png,0
183_16.png,0
183_17.png,0
183_18.png,0
183_19.png,0
183_20.png,0
183_21.png,0
184_1.png,1
184_2.png,1
184_3.png,0
184_4.png,0
184_5.png,0
184_6.png,0
184_7.png,0
184_8.png,0
184_9.png,0
184_10.png,0
184_11.png,0
184_12.png,0
184_13.png,0
184_14.png,0
184_15.png,0
184_16.png,0
184_17.png,0
184_18.png,0
184_19.png,0
184_20.png,0
184_21.png,0
184_22.png,0
184_23.png,0
184_24.png,0
184_25.png,0
184_26.png,0
184_27.png,0
184_28.png,0
184_29.png,0
184_30.png,0
184_31.png,0
184_32.png,0
185_1.png,1
185_2.png,0
185_3.png,0
185_4.png,0
185_5.png,0
185_6.png,0
185_7.png,0
185_8.png,0
185_9.png,0
186_1.png,1
186_2.png,1
186_3.png,0
186_4.png,0
186_5.png,0
186_6.png,0
186_7.png,0
186_8.png,0
186_9.png,0
186_10.png,0
186_11.png,0
186_12.png,0
186_13.png,0
186_14.png,0
186_15.png,0
186_16.png,0
186_17.png,0
186_18.png,0
186_19.png,0
186_20.png,0
186_21.png,0
186_22.png,0
186_23.png,0
186_24.png,0
186_25.png,0
186_26.png,0
186_27.png,0
186_28.png,0
186_29.png,0
186_30.png,0
186_31.png,0
187_1.png,1
187_2.png,1
187_3.png,0
187_4.png,0
187_5.png,0
187_6.png,0
187_7.png,0
187_8.png,0
187_9.png,0
187_10.png,0
187_11.png,0
187_12.png,0
187_13.png,0
187_14.png,0
187_15.png,0
188_1.png,1
188_2.png,1
188_3.png,0
188_4.png,0
188_5.png,0
188_6.png,0
188_7.png,0
188_8.png,0
188_9.png,0
188_10.png,0
188_11.png,0
188_12.png,0
188_13.png,0
188_14.png,0
189_1.png,1
189_2.png,1
189_3.png,0
189_4.png,0
189_5.png,0
189_6.png,0
189_7.png,0
189_8.png,0
189_9.png,0
189_10.png,0
189_11.png,0
189_12.png,0
190_1.png,1
190_2.png,0
190_3.png,0
190_4.png,0
190_5.png,0
190_6.png,0
190_7.png,0
190_8.png,0
190_9.png,0
190_10.png,0
190_11.png,0
190_12.png,0
190_13.png,0
190_14.png,0
191_1.png,1
191_2.png,0
191_3.png,0
191_4.png,0
191_5.png,0
191_6.png,0
191_7.png,0
191_8.png,0
191_9.png,0
191_10.png,0
191_11.png,0
191_12.png,0
191_13.png,0
191_14.png,0
191_15.png,0
191_16.png,0
191_17.png,0
192_1.png,1
192_2.png,1
192_3.png,0
192_4.png,0
192_5.png,0
192_6.png,0
192_7.png,0
192_8.png,0
192_9.png,0
192_10.png,0
193_1.png,1
193_2.png,0
193_3.png,0
194_1.png,1
194_2.png,1
194_3.png,0
194_4.png,0
194_5.png,0
194_6.png,0
194_7.png,0
194_8.png,0
194_9.png,0
194_10.png,0
194_11.png,0
194_12.png,0
194_13.png,0
194_14.png,0
194_15.png,0
194_16.png,0
194_17.png,0
194_18.png,0
194_19.png,0
194_20.png,0
194_21.png,0
194_22.png,0
194_23.png,0
194_24.png,0
195_1.png,1
195_2.png,0
195_3.png,0
195_4.png,0
195_5.png,0
195_6.png,0
195_7.png,0
195_8.png,0
195_9.png,0
195_10.png,0
195_11.png,0
195_12.png,0
196_1.png,1
196_2.png,1
196_3.png,0
196_4.png,0
196_5.png,0
196_6.png,0
196_7.png,0
196_8.png,0
196_9.png,0
196_10.png,0
196_11.png,0
196_12.png,0
196_13.png,0
196_14.png,0
196_15.png,0
196_16.png,0
196_17.png,0
196_18.png,0
196_19.png,0
196_20.png,0
196_21.png,0
196_22.png,0
196_23.png,0
197_1.png,1
197_2.png,1
197_3.png,0
197_4.png,0
197_5.png,0
197_6.png,0
197_7.png,0
197_8.png,0
197_9.png,0
197_10.png,0
197_11.png,0
197_12.png,0
197_13.png,0
197_14.png,0
197_15.png,0
197_16.png,0
197_17.png,0
197_18.png,0
197_19.png,0
197_20.png,0
198_1.png,1
198_2.png,1
198_3.png,0
198_4.png,0
198_5.png,0
198_6.png,0
198_7.png,0
198_8.png,0
198_9.png,0
198_10.png,0
198_11.png,0
198_12.png,0
198_13.png,0
198_14.png,0
198_15.png,0
199_1.png,1
199_2.png,1
199_3.png,0
199_4.png,0
199_5.png,0
199_6.png,0
199_7.png,0
199_8.png,0
199_9.png,0
199_10.png,0
199_11.png,0
199_12.png,0
199_13.png,0
199_14.png,0
199_15.png,0
199_16.png,0
199_17.png,0
199_18.png,0
199_19.png,0
199_20.png,0
199_21.png,0
199_22.png,0
199_23.png,0
199_24.png,0
199_25.png,0
199_26.png,0
199_27.png,0
199_28.png,0
199_29.png,0
199_30.png,0
199_31.png,0
199_32.png,0
199_33.png,0
199_34.png,0
199_35.png,0
199_36.png,0
200_1.png,1
200_2.png,1
200_3.png,0
200_4.png,0
200_5.png,0
200_6.png,0
200_7.png,0
200_8.png,0
200_9.png,0
200_10.png,0
200_11.png,0
200_12.png,0
200_13.png,0
200_14.png,0
200_15.png,0
200_16.png,0
200_17.png,0
200_18.png,0
200_19.png,0
200_20.png,0
200_21.png,0
200_22.png,0
200_23.png,0
200_24.png,0
200_25.png,0
200_26.png,0
200_27.png,0
200_28.png,0
200_29.png,0
200_30.png,0
200_31.png,0
200_32.png,0
200_33.png,0
200_34.png,0
200_35.png,0
200_36.png,0
200_37.png,0
200_38.png,0
200_39.png,0
201_1.png,1
201_2.png,1
201_3.png,0
201_4.png,0
201_5.png,0
201_6.png,0
201_7.png,0
201_8.png,0
201_9.png,0
201_10.png,0
201_11.png,0
201_12.png,0
201_13.png,0
201_14.png,0
201_15.png,0
201_16.png,0
201_17.png,0
201_18.png,0
201_19.png,0
201_20.png,0
201_21.png,0
201_22.png,0
201_23.png,0
201_24.png,0
201_25.png,0
202_1.png,1
202_2.png,1
202_3.png,0
202_4.png,0
202_5.png,0
202_6.png,0
202_7.png,0
202_8.png,0
202_9.png,0
202_10.png,0
202_11.png,0
202_12.png,0
202_13.png,0
202_14.png,0
202_15.png,0
202_16.png,0
202_17.png,0
202_18.png,0
202_19.png,0
202_20.png,0
202_21.png,0
202_22.png,0
202_23.png,0
202_24.png,0
202_25.png,0
202_26.png,0
202_27.png,0
202_28.png,0
202_29.png,0
202_30.png,0
202_31.png,0
202_32.png,0
202_33.png,0
202_34.png,0
202_35.png,0
202_36.png,0
202_37.png,0
202_38.png,0
202_39.png,0
202_40.png,0
202_41.png,0
202_42.png,0
202_43.png,0
202_44.png,0
202_45.png,0
202_46.png,0
202_47.png,0
202_48.png,0
202_49.png,0
202_50.png,0
202_51.png,0
202_52.png,0
202_53.png,0
202_54.png,0
202_55.png,0
202_56.png,0
202_57.png,0
202_58.png,0
202_59.png,0
202_60.png,0
202_61.png,0
202_62.png,0
202_63.png,0
202_64.png,0
202_65.png,0
202_66.png,0
202_67.png,0
202_68.png,0
202_69.png,0
202_70.png,0
202_71.png,0
202_72.png,0
202_73.png,0
202_74.png,0
202_75.png,0
202_76.png,0
202_77.png,0
202_78.png,0
202_79.png,0
203_1.png,1
203_2.png,1
203_3.png,0
203_4.png,0
203_5.png,0
203_6.png,0
203_7.png,0
203_8.png,0
203_9.png,0
203_10.png,0
203_11.png,0
203_12.png,0
203_13.png,0
203_14.png,0
203_15.png,0
203_16.png,0
203_17.png,0
203_18.png,0
204_1.png,1
204_2.png,1
204_3.png,0
204_4.png,0
204_5.png,0
204_6.png,0
204_7.png,0
204_8.png,0
204_9.png,0
204_10.png,0
204_11.png,0
204_12.png,0
204_13.png,0
205_1.png,1
205_2.png,1
205_3.png,0
205_4.png,0
205_5.png,0
205_6.png,0
205_7.png,0
205_8.png,0
205_9.png,0
205_10.png,0
205_11.png,0
205_12.png,0
205_13.png,0
205_14.png,0
205_15.png,0
205_16.png,0
205_17.png,0
205_18.png,0
206_1.png,1
206_2.png,1
206_3.png,0
206_4.png,0
206_5.png,0
206_6.png,0
206_7.png,0
206_8.png,0
206_9.png,0
206_10.png,0
206_11.png,0
206_12.png,0
206_13.png,0
206_14.png,0
206_15.png,0
206_16.png,0
206_17.png,0
206_18.png,0
206_19.png,0
206_20.png,0
206_21.png,0
206_22.png,0
206_23.png,0
206_24.png,0
206_25.png,0
206_26.png,0
206_27.png,0
206_28.png,0
206_29.png,0
206_30.png,0
206_31.png,0
206_32.png,0
206_33.png,0
206_34.png,0
206_35.png,0
206_36.png,0
206_37.png,0
206_38.png,0
206_39.png,0
206_40.png,0
206_41.png,0
206_42.png,0
206_43.png,0
206_44.png,0
206_45.png,0
206_46.png,0
206_47.png,0
206_48.png,0
206_49.png,0
206_50.png,0
206_51.png,0
206_52.png,0
206_53.png,0
206_54.png,0
206_55.png,0
206_56.png,0
206_57.png,0
206_58.png,0
206_59.png,0
206_60.png,0
206_61.png,0
206_62.png,0
206_63.png,0
206_64.png,0
206_65.png,0
206_66.png,0
206_67.png,0
206_68.png,0
206_69.png,0
206_70.png,0
206_71.png,0
206_72.png,0
206_73.png,0
206_74.png,0
206_75.png,0
206_76.png,0
206_77.png,0
206_78.png,0
206_79.png,0
206_80.png,0
206_81.png,0
206_82.png,0
206_83.png,0
206_84.png,0
206_85.png,0
206_86.png,0
206_87.png,0
206_88.png,0
206_89.png,0
206_90.png,0
206_91.png,0
206_92.png,0
206_93.png,0
206_94.png,0
206_95.png,0
206_96.png,0
206_97.png,0
206_98.png,0
206_99.png,0
206_100.png,0
206_101.png,0
206_102.png,0
206_103.png,0
206_104.png,0
206_105.png,0
206_106.png,0
206_107.png,0
206_108.png,0
206_109.png,0
206_110.png,0
206_111.png,0
206_112.png,0
206_113.png,0
206_114.png,0
206_115.png,0
206_116.png,0
206_117.png,0
206_118.png,0
206_119.png,0
206_120.png,0
206_121.png,0
206_122.png,0
206_123.png,0
206_124.png,0
206_125.png,0
206_126.png,0
206_127.png,0
206_128.png,0
206_129.png,0
206_130.png,0
206_131.png,0
206_132.png,0
206_133.png,0
206_134.png,0
206_135.png,0
206_136.png,0
206_137.png,0
206_138.png,0
206_139.png,0
206_140.png,0
206_141.png,0
206_142.png,0
206_143.png,0
206_144.png,0
206_145.png,0
206_146.png,0
206_147.png,0
206_148.png,0
206_149.png,0
206_150.png,0
206_151.png,0
206_152.png,0
206_153.png,0
206_154.png,0
206_155.png,0
206_156.png,0
206_157.png,0
206_158.png,0
206_159.png,0
206_160.png,0
206_161.png,0
206_162.png,0
206_163.png,0
206_164.png,0
206_165.png,0
206_166.png,0
206_167.png,0
206_168.png,0
206_169.png,0
207_1.png,1
207_2.png,1
207_3.png,0
207_4.png,0
207_5.png,0
207_6.png,0
207_7.png,0
207_8.png,0
207_9.png,0
207_10.png,0
207_11.png,0
207_12.png,0
207_13.png,0
207_14.png,0
207_15.png,0
207_16.png,0
207_17.png,0
207_18.png,0
207_19.png,0
207_20.png,0
207_21.png,0
207_22.png,0
207_23.png,0
207_24.png,0
207_25.png,0
207_26.png,0
207_27.png,0
207_28.png,0
207_29.png,0
207_30.png,0
207_31.png,0
207_32.png,0
207_33.png,0
207_34.png,0
207_35.png,0
207_36.png,0
207_37.png,0
207_38.png,0
207_39.png,0
207_40.png,0
207_41.png,0
207_42.png,0
207_43.png,0
207_44.png,0
207_45.png,0
207_46.png,0
207_47.png,0
207_48.png,0
207_49.png,0
207_50.png,0
207_51.png,0
207_52.png,0
207_53.png,0
207_54.png,0
207_55.png,0
207_56.png,0
208_1.png,1
208_2.png,1
208_3.png,0
208_4.png,0
208_5.png,0
208_6.png,0
208_7.png,0
208_8.png,0
209_1.png,1
209_2.png,1
209_3.png,0
209_4.png,0
209_5.png,0
209_6.png,0
209_7.png,0
209_8.png,0
209_9.png,0
209_10.png,0
209_11.png,0
209_12.png,0
209_13.png,0
209_14.png,0
209_15.png,0
209_16.png,0
209_17.png,0
209_18.png,0
209_19.png,0
209_20.png,0
209_21.png,0
209_22.png,0
209_23.png,0
210_1.png,1
210_2.png,1
210_3.png,0
210_4.png,0
210_5.png,0
210_6.png,0
210_7.png,0
210_8.png,0
210_9.png,0
210_10.png,0
210_11.png,0
210_12.png,0
210_13.png,0
210_14.png,0
210_15.png,0
210_16.png,0
210_17.png,0
210_18.png,0
210_19.png,0
210_20.png,0
210_21.png,0
211_1.png,1
211_2.png,1
211_3.png,0
211_4.png,0
211_5.png,0
211_6.png,0
211_7.png,0
211_8.png,0
211_9.png,0
211_10.png,0
211_11.png,0
211_12.png,0
211_13.png,0
211_14.png,0
211_15.png,0
212_1.png,1
212_2.png,1
212_3.png,0
212_4.png,0
212_5.png,0
212_6.png,0
212_7.png,0
212_8.png,0
212_9.png,0
212_10.png,0
212_11.png,0
212_12.png,0
212_13.png,0
212_14.png,0
212_15.png,0
212_16.png,0
212_17.png,0
212_18.png,0
212_19.png,0
212_20.png,0
212_21.png,0
212_22.png,0
212_23.png,0
212_24.png,0
212_25.png,0
213_1.png,1
213_2.png,1
213_3.png,0
213_4.png,0
213_5.png,0
213_6.png,0
213_7.png,0
213_8.png,0
213_9.png,0
213_10.png,0
213_11.png,0
213_12.png,0
213_13.png,0
213_14.png,0
213_15.png,0
213_16.png,0
213_17.png,0
213_18.png,0
213_19.png,0
213_20.png,0
213_21.png,0
213_22.png,0
213_23.png,0
213_24.png,0
213_25.png,0
213_26.png,0
213_27.png,0
213_28.png,0
213_29.png,0
213_30.png,0
213_31.png,0
213_32.png,0
214_1.png,1
214_2.png,1
214_3.png,0
214_4.png,0
214_5.png,0
214_6.png,0
214_7.png,0
214_8.png,0
214_9.png,0
214_10.png,0
214_11.png,0
214_12.png,0
214_13.png,0
214_14.png,0
214_15.png,0
214_16.png,0
215_1.png,1
215_2.png,1
215_3.png,0
215_4.png,0
215_5.png,0
215_6.png,0
215_7.png,0
215_8.png,0
215_9.png,0
215_10.png,0
215_11.png,0
215_12.png,0
215_13.png,0
215_14.png,0
215_15.png,0
215_16.png,0
215_17.png,0
215_18.png,0
215_19.png,0
216_1.png,1
216_2.png,1
216_3.png,0
216_4.png,0
216_5.png,0
216_6.png,0
216_7.png,0
216_8.png,0
216_9.png,0
216_10.png,0
216_11.png,0
216_12.png,0
217_1.png,1
217_2.png,1
217_3.png,0
217_4.png,0
217_5.png,0
217_6.png,0
217_7.png,0
217_8.png,0
217_9.png,0
217_10.png,0
217_11.png,0
217_12.png,0
217_13.png,0
217_14.png,0
217_15.png,0
217_16.png,0
217_17.png,0
217_18.png,0
217_19.png,0
217_20.png,0
217_21.png,0
217_22.png,0
217_23.png,0
217_24.png,0
217_25.png,0
217_26.png,0
217_27.png,0
218_1.png,1
218_2.png,1
218_3.png,0
218_4.png,0
218_5.png,0
218_6.png,0
218_7.png,0
218_8.png,0
218_9.png,0
218_10.png,0
219_1.png,1
219_2.png,1
219_3.png,0
219_4.png,0
219_5.png,0
219_6.png,0
219_7.png,0
219_8.png,0
219_9.png,0
219_10.png,0
219_11.png,0
219_12.png,0
219_13.png,0
219_14.png,0
219_15.png,0
219_16.png,0
219_17.png,0
219_18.png,0
219_19.png,0
219_20.png,0
219_21.png,0
219_22.png,0
219_23.png,0
219_24.png,0
219_25.png,0
219_26.png,0
219_27.png,0
219_28.png,0
219_29.png,0
219_30.png,0
219_31.png,0
219_32.png,0
219_33.png,0
219_34.png,0
219_35.png,0
219_36.png,0
219_37.png,0
219_38.png,0
219_39.png,0
220_1.png,1
220_2.png,1
220_3.png,0
220_4.png,0
220_5.png,0
220_6.png,0
220_7.png,0
220_8.png,0
220_9.png,0
220_10.png,0
220_11.png,0
220_12.png,0
220_13.png,0
220_14.png,0
220_15.png,0
220_16.png,0
220_17.png,0
220_18.png,0
220_19.png,0
220_20.png,0
220_21.png,0
220_22.png,0
220_23.png,0
221_1.png,1
221_2.png,1
221_3.png,0
221_4.png,0
221_5.png,0
221_6.png,0
221_7.png,0
221_8.png,0
221_9.png,0
221_10.png,0
222_1.png,1
222_2.png,1
222_3.png,0
222_4.png,0
222_5.png,0
222_6.png,0
222_7.png,0
222_8.png,0
222_9.png,0
222_10.png,0
222_11.png,0
222_12.png,0
222_13.png,0
222_14.png,0
223_1.png,1
223_2.png,1
223_3.png,0
223_4.png,0
223_5.png,0
223_6.png,0
223_7.png,0
223_8.png,0
223_9.png,0
223_10.png,0
224_1.png,1
224_2.png,1
224_3.png,0
224_4.png,0
224_5.png,0
224_6.png,0
224_7.png,0
224_8.png,0
224_9.png,0
224_10.png,0
224_11.png,0
224_12.png,0
224_13.png,0
224_14.png,0
224_15.png,0
224_16.png,0
224_17.png,0
224_18.png,0
224_19.png,0
224_20.png,0
224_21.png,0
224_22.png,0
224_23.png,0
224_24.png,0
224_25.png,0
224_26.png,0
224_27.png,0
224_28.png,0
224_29.png,0
224_30.png,0
224_31.png,0
224_32.png,0
224_33.png,0
224_34.png,0
224_35.png,0
224_36.png,0
224_37.png,0
225_1.png,1
225_2.png,1
225_3.png,0
225_4.png,0
225_5.png,0
225_6.png,0
225_7.png,0
225_8.png,0
225_9.png,0
225_10.png,0
225_11.png,0
225_12.png,0
225_13.png,0
225_14.png,0
225_15.png,0
225_16.png,0
226_1.png,1
226_2.png,1
226_3.png,0
226_4.png,0
226_5.png,0
226_6.png,0
226_7.png,0
226_8.png,0
226_9.png,0
226_10.png,0
227_1.png,1
227_2.png,1
227_3.png,0
227_4.png,0
227_5.png,0
227_6.png,0
227_7.png,0
227_8.png,0
227_9.png,0
227_10.png,0
228_1.png,1
228_2.png,1
228_3.png,0
228_4.png,0
228_5.png,0
228_6.png,0
228_7.png,0
228_8.png,0
228_9.png,0
228_10.png,0
228_11.png,0
228_12.png,0
228_13.png,0
228_14.png,0
228_15.png,0
228_16.png,0
228_17.png,0
228_18.png,0
228_19.png,0
228_20.png,0
228_21.png,0
228_22.png,0
228_23.png,0
228_24.png,0
229_1.png,1
229_2.png,1
229_3.png,0
229_4.png,0
229_5.png,0
229_6.png,0
229_7.png,0
229_8.png,0
229_9.png,0
229_10.png,0
229_11.png,0
229_12.png,0
229_13.png,0
229_14.png,0
229_15.png,0
230_1.png,1
230_2.png,1
230_3.png,0
230_4.png,0
230_5.png,0
230_6.png,0
230_7.png,0
230_8.png,0
230_9.png,0
230_10.png,0
230_11.png,0
230_12.png,0
230_13.png,0
230_14.png,0
230_15.png,0
230_16.png,0
230_17.png,0
230_18.png,0
230_19.png,0
230_20.png,0
230_21.png,0
231_1.png,1
231_2.png,1
231_3.png,0
231_4.png,0
231_5.png,0
231_6.png,0
231_7.png,0
231_8.png,0
231_9.png,0
231_10.png,0
231_11.png,0
231_12.png,0
231_13.png,0
231_14.png,0
231_15.png,0
231_16.png,0
231_17.png,0
231_18.png,0
231_19.png,0
231_20.png,0
231_21.png,0
231_22.png,0
231_23.png,0
231_24.png,0
231_25.png,0
231_26.png,0
231_27.png,0
231_28.png,0
231_29.png,0
231_30.png,0
231_31.png,0
231_32.png,0
231_33.png,0
231_34.png,0
231_35.png,0
232_1.png,1
232_2.png,1
232_3.png,0
232_4.png,0
232_5.png,0
232_6.png,0
232_7.png,0
232_8.png,0
232_9.png,0
232_10.png,0
232_11.png,0
232_12.png,0
232_13.png,0
232_14.png,0
232_15.png,0
232_16.png,0
232_17.png,0
232_18.png,0
232_19.png,0
232_20.png,0
232_21.png,0
232_22.png,0
232_23.png,0
233_1.png,1
233_2.png,1
233_3.png,0
233_4.png,0
233_5.png,0
233_6.png,0
233_7.png,0
233_8.png,0
233_9.png,0
233_10.png,0
233_11.png,0
233_12.png,0
233_13.png,0
233_14.png,0
233_15.png,0
233_16.png,0
233_17.png,0
233_18.png,0
233_19.png,0
233_20.png,0
233_21.png,0
234_1.png,1
234_2.png,1
234_3.png,0
234_4.png,0
234_5.png,0
234_6.png,0
234_7.png,0
234_8.png,0
234_9.png,0
234_10.png,0
234_11.png,0
234_12.png,0
234_13.png,0
234_14.png,0
234_15.png,0
234_16.png,0
234_17.png,0
234_18.png,0
234_19.png,0
234_20.png,0
234_21.png,0
234_22.png,0
234_23.png,0
234_24.png,0
234_25.png,0
234_26.png,0
234_27.png,0
234_28.png,0
234_29.png,0
234_30.png,0
235_1.png,1
235_2.png,1
235_3.png,0
235_4.png,0
235_5.png,0
235_6.png,0
235_7.png,0
235_8.png,0
235_9.png,0
235_10.png,0
235_11.png,0
235_12.png,0
235_13.png,0
235_14.png,0
235_15.png,0
235_16.png,0
235_17.png,0
235_18.png,0
235_19.png,0
235_20.png,0
235_21.png,0
235_22.png,0
235_23.png,0
235_24.png,0
235_25.png,0
235_26.png,0
235_27.png,0
235_28.png,0
236_1.png,1
236_2.png,1
236_3.png,0
236_4.png,0
236_5.png,0
236_6.png,0
236_7.png,0
236_8.png,0
236_9.png,0
236_10.png,0
236_11.png,0
236_12.png,0
236_13.png,0
236_14.png,0
236_15.png,0
236_16.png,0
236_17.png,0
236_18.png,0
236_19.png,0
236_20.png,0
236_21.png,0
236_22.png,0
236_23.png,0
236_24.png,0
236_25.png,0
236_26.png,0
236_27.png,0
236_28.png,0
236_29.png,0
236_30.png,0
236_31.png,0
236_32.png,0
236_33.png,0
236_34.png,0
236_35.png,0
236_36.png,0
236_37.png,0
236_38.png,0
236_39.png,0
236_40.png,0
236_41.png,0
236_42.png,0
236_43.png,0
237_1.png,1
237_2.png,1
237_3.png,0
237_4.png,0
237_5.png,0
237_6.png,0
237_7.png,0
237_8.png,0
237_9.png,0
237_10.png,0
237_11.png,0
237_12.png,0
237_13.png,0
237_14.png,0
237_15.png,0
237_16.png,0
237_17.png,0
237_18.png,0
237_19.png,0
237_20.png,0
237_21.png,0
237_22.png,0
237_23.png,0
237_24.png,0
237_25.png,0
237_26.png,0
237_27.png,0
237_28.png,0
237_29.png,0
237_30.png,0
237_31.png,0
237_32.png,0
237_33.png,0
237_34.png,0
237_35.png,0
237_36.png,0
237_37.png,0
237_38.png,0
237_39.png,0
237_40.png,0
237_41.png,0
237_42.png,0
237_43.png,0
237_44.png,0
237_45.png,0
237_46.png,0
237_47.png,0
237_48.png,0
237_49.png,0
237_50.png,0
237_51.png,0
237_52.png,0
237_53.png,0
237_54.png,0
238_1.png,1
238_2.png,1
238_3.png,0
238_4.png,0
238_5.png,0
238_6.png,0
238_7.png,0
238_8.png,0
238_9.png,0
238_10.png,0
238_11.png,0
238_12.png,0
238_13.png,0
238_14.png,0
238_15.png,0
238_16.png,0
238_17.png,0
238_18.png,0
239_1.png,1
239_2.png,1
239_3.png,0
239_4.png,0
239_5.png,0
239_6.png,0
239_7.png,0
239_8.png,0
239_9.png,0
239_10.png,0
239_11.png,0
239_12.png,0
240_1.png,1
240_2.png,1
240_3.png,0
240_4.png,0
240_5.png,0
240_6.png,0
240_7.png,0
240_8.png,0
240_9.png,0
240_10.png,0
240_11.png,0
240_12.png,0
240_13.png,0
240_14.png,0
240_15.png,0
240_16.png,0
240_17.png,0
240_18.png,0
240_19.png,0
240_20.png,0
240_21.png,0
240_22.png,0
240_23.png,0
240_24.png,0
240_25.png,0
240_26.png,0
240_27.png,0
240_28.png,0
240_29.png,0
240_30.png,0
240_31.png,0
240_32.png,0
240_33.png,0
240_34.png,0
240_35.png,0
240_36.png,0
240_37.png,0
240_38.png,0
240_39.png,0
240_40.png,0
240_41.png,0
240_42.png,0
240_43.png,0
240_44.png,0
240_45.png,0
240_46.png,0
240_47.png,0
240_48.png,0
240_49.png,0
240_50.png,0
240_51.png,0
240_52.png,0
240_53.png,0
240_54.png,0
240_55.png,0
240_56.png,0
240_57.png,0
240_58.png,0
240_59.png,0
240_60.png,0
240_61.png,0
240_62.png,0
240_63.png,0
240_64.png,0
240_65.png,0
240_66.png,0
240_67.png,0
240_68.png,0
241_1.png,1
241_2.png,1
241_3.png,0
241_4.png,0
241_5.png,0
241_6.png,0
241_7.png,0
241_8.png,0
241_9.png,0
241_10.png,0
241_11.png,0
241_12.png,0
241_13.png,0
241_14.png,0
241_15.png,0
242_1.png,1
242_2.png,1
242_3.png,0
242_4.png,0
242_5.png,0
242_6.png,0
242_7.png,0
242_8.png,0
242_9.png,0
242_10.png,0
242_11.png,0
242_12.png,0
242_13.png,0
242_14.png,0
242_15.png,0
242_16.png,0
242_17.png,0
242_18.png,0
242_19.png,0
242_20.png,0
242_21.png,0
242_22.png,0
242_23.png,0
243_1.png,1
243_2.png,1
243_3.png,0
243_4.png,0
243_5.png,0
243_6.png,0
243_7.png,0
243_8.png,0
243_9.png,0
243_10.png,0
243_11.png,0
243_12.png,0
243_13.png,0
243_14.png,0
243_15.png,0
244_1.png,1
244_2.png,1
244_3.png,0
244_4.png,0
244_5.png,0
244_6.png,0
244_7.png,0
244_8.png,0
244_9.png,0
244_10.png,0
244_11.png,0
244_12.png,0
244_13.png,0
244_14.png,0
244_15.png,0
244_16.png,0
244_17.png,0
244_18.png,0
244_19.png,0
244_20.png,0
245_1.png,1
245_2.png,1
245_3.png,0
245_4.png,0
245_5.png,0
245_6.png,0
245_7.png,0
245_8.png,0
245_9.png,0
245_10.png,0
245_11.png,0
246_1.png,1
246_2.png,1
246_3.png,0
246_4.png,0
246_5.png,0
246_6.png,0
246_7.png,0
246_8.png,0
246_9.png,0
246_10.png,0
246_11.png,0
246_12.png,0
246_13.png,0
246_14.png,0
246_15.png,0
246_16.png,0
246_17.png,0
246_18.png,0
246_19.png,0
246_20.png,0
246_21.png,0
246_22.png,0
246_23.png,0
246_24.png,0
246_25.png,0
246_26.png,0
246_27.png,0
246_28.png,0
246_29.png,0
246_30.png,0
246_31.png,0
246_32.png,0
246_33.png,0
246_34.png,0
246_35.png,0
246_36.png,0
246_37.png,0
247_1.png,1
247_2.png,1
247_3.png,0
247_4.png,0
247_5.png,0
247_6.png,0
247_7.png,0
247_8.png,0
247_9.png,0
247_10.png,0
247_11.png,0
247_12.png,0
247_13.png,0
247_14.png,0
247_15.png,0
248_1.png,1
248_2.png,1
248_3.png,0
248_4.png,0
248_5.png,0
248_6.png,0
248_7.png,0
248_8.png,0
248_9.png,0
248_10.png,0
248_11.png,0
248_12.png,0
248_13.png,0
248_14.png,0
249_1.png,1
249_2.png,1
249_3.png,0
249_4.png,0
249_5.png,0
249_6.png,0
249_7.png,0
249_8.png,0
249_9.png,0
249_10.png,0
249_11.png,0
249_12.png,0
249_13.png,0
249_14.png,0
249_15.png,0
249_16.png,0
249_17.png,0
249_18.png,0
249_19.png,0
249_20.png,0
249_21.png,0
249_22.png,0
250_1.png,1
250_2.png,1
250_3.png,0
250_4.png,0
250_5.png,0
250_6.png,0
250_7.png,0
250_8.png,0
250_9.png,0
250_10.png,0
250_11.png,0
250_12.png,0
250_13.png,0
250_14.png,0
250_15.png,0
251_1.png,1
251_2.png,1
251_3.png,0
251_4.png,0
251_5.png,0
251_6.png,0
251_7.png,0
251_8.png,0
251_9.png,0
251_10.png,0
251_11.png,0
251_12.png,0
251_13.png,0
251_14.png,0
251_15.png,0
251_16.png,0
251_17.png,0
251_18.png,0
251_19.png,0
251_20.png,0
251_21.png,0
251_22.png,0
251_23.png,0
251_24.png,0
251_25.png,0
251_26.png,0
251_27.png,0
251_28.png,0
251_29.png,0
251_30.png,0
251_31.png,0
251_32.png,0
251_33.png,0
251_34.png,0
251_35.png,0
251_36.png,0
251_37.png,0
251_38.png,0
251_39.png,0
251_40.png,0
251_41.png,0
251_42.png,0
251_43.png,0
251_44.png,0
251_45.png,0
251_46.png,0
251_47.png,0
251_48.png,0
251_49.png,0
251_50.png,0
251_51.png,0
251_52.png,0
251_53.png,0
251_54.png,0
251_55.png,0
251_56.png,0
251_57.png,0
251_58.png,0
251_59.png,0
251_60.png,0
251_61.png,0
251_62.png,0
251_63.png,0
251_64.png,0
251_65.png,0
251_66.png,0
251_67.png,0
251_68.png,0
251_69.png,0
251_70.png,0
251_71.png,0
251_72.png,0
251_73.png,0
251_74.png,0
251_75.png,0
251_76.png,0
251_77.png,0
251_78.png,0
251_79.png,0
251_80.png,0
252_1.png,1
252_2.png,1
252_3.png,0
252_4.png,0
252_5.png,0
252_6.png,0
252_7.png,0
252_8.png,0
252_9.png,0
252_10.png,0
252_11.png,0
252_12.png,0
252_13.png,0
252_14.png,0
252_15.png,0
252_16.png,0
252_17.png,0
252_18.png,0
252_19.png,0
252_20.png,0
252_21.png,0
253_1.png,1
253_2.png,1
253_3.png,0
253_4.png,0
253_5.png,0
253_6.png,0
253_7.png,0
253_8.png,0
253_9.png,0
253_10.png,0
253_11.png,0
253_12.png,0
253_13.png,0
253_14.png,0
253_15.png,0
254_1.png,1
254_2.png,1
254_3.png,0
254_4.png,0
254_5.png,0
254_6.png,0
254_7.png,0
254_8.png,0
254_9.png,0
254_10.png,0
254_11.png,0
254_12.png,0
254_13.png,0
254_14.png,0
254_15.png,0
254_16.png,0
254_17.png,0
254_18.png,0
254_19.png,0
255_1.png,1
255_2.png,1
255_3.png,0
255_4.png,0
255_5.png,0
255_6.png,0
255_7.png,0
255_8.png,0
255_9.png,0
255_10.png,0
255_11.png,0
255_12.png,0
255_13.png,0
255_14.png,0
255_15.png,0
255_16.png,0
255_17.png,0
255_18.png,0
256_1.png,1
256_2.png,1
256_3.png,0
256_4.png,0
256_5.png,0
256_6.png,0
256_7.png,0
256_8.png,0
256_9.png,0
256_10.png,0
256_11.png,0
256_12.png,0
256_13.png,0
256_14.png,0
256_15.png,0
256_16.png,0
256_17.png,0
256_18.png,0
256_19.png,0
256_20.png,0
256_21.png,0
256_22.png,0
256_23.png,0
256_24.png,0
256_25.png,0
257_1.png,1
257_2.png,1
257_3.png,0
257_4.png,0
257_5.png,0
257_6.png,0
257_7.png,0
257_8.png,0
257_9.png,0
257_10.png,0
257_11.png,0
257_12.png,0
257_13.png,0
257_14.png,0
257_15.png,0
257_16.png,0
257_17.png,0
257_18.png,0
258_1.png,1
258_2.png,1
258_3.png,0
258_4.png,0
258_5.png,0
258_6.png,0
258_7.png,0
258_8.png,0
258_9.png,0
258_10.png,0
258_11.png,0
258_12.png,0
258_13.png,0
258_14.png,0
258_15.png,0
258_16.png,0
259_1.png,1
259_2.png,1
259_3.png,0
259_4.png,0
259_5.png,0
259_6.png,0
259_7.png,0
259_8.png,0
259_9.png,0
259_10.png,0
259_11.png,0
259_12.png,0
259_13.png,0
259_14.png,0
259_15.png,0
259_16.png,0
259_17.png,0
259_18.png,0
259_19.png,0
259_20.png,0
259_21.png,0
259_22.png,0
259_23.png,0
259_24.png,0
259_25.png,0
259_26.png,0
259_27.png,0
259_28.png,0
259_29.png,0
259_30.png,0
260_1.png,1
260_2.png,1
260_3.png,0
260_4.png,0
260_5.png,0
260_6.png,0
260_7.png,0
260_8.png,0
260_9.png,0
261_1.png,1
261_2.png,1
261_3.png,0
261_4.png,0
261_5.png,0
261_6.png,0
261_7.png,0
261_8.png,0
261_9.png,0
261_10.png,0
262_1.png,1
262_2.png,1
262_3.png,0
262_4.png,0
262_5.png,0
262_6.png,0
262_7.png,0
262_8.png,0
262_9.png,0
262_10.png,0
262_11.png,0
262_12.png,0
262_13.png,0
262_14.png,0
262_15.png,0
262_16.png,0
262_17.png,0
262_18.png,0
262_19.png,0
262_20.png,0
262_21.png,0
262_22.png,0
262_23.png,0
262_24.png,0
262_25.png,0
262_26.png,0
262_27.png,0
263_1.png,1
263_2.png,1
263_3.png,0
263_4.png,0
263_5.png,0
263_6.png,0
263_7.png,0
263_8.png,0
263_9.png,0
263_10.png,0
263_11.png,0
263_12.png,0
263_13.png,0
263_14.png,0
263_15.png,0
263_16.png,0
263_17.png,0
263_18.png,0
263_19.png,0
263_20.png,0
263_21.png,0
263_22.png,0
263_23.png,0
263_24.png,0
263_25.png,0
264_1.png,1
264_2.png,1
264_3.png,0
264_4.png,0
264_5.png,0
264_6.png,0
264_7.png,0
264_8.png,0
264_9.png,0
264_10.png,0
264_11.png,0
264_12.png,0
264_13.png,0
264_14.png,0
264_15.png,0
264_16.png,0
264_17.png,0
264_18.png,0
265_1.png,1
265_2.png,1
265_3.png,0
265_4.png,0
265_5.png,0
265_6.png,0
265_7.png,0
265_8.png,0
265_9.png,0
265_10.png,0
265_11.png,0
265_12.png,0
265_13.png,0
265_14.png,0
265_15.png,0
265_16.png,0
265_17.png,0
265_18.png,0
265_19.png,0
265_20.png,0
265_21.png,0
265_22.png,0
265_23.png,0
265_24.png,0
265_25.png,0
266_1.png,1
266_2.png,1
266_3.png,0
266_4.png,0
266_5.png,0
266_6.png,0
266_7.png,0
266_8.png,0
266_9.png,0
266_10.png,0
266_11.png,0
266_12.png,0
266_13.png,0
266_14.png,0
266_15.png,0
266_16.png,0
266_17.png,0
266_18.png,0
266_19.png,0
266_20.png,0
266_21.png,0
266_22.png,0
266_23.png,0
266_24.png,0
266_25.png,0
266_26.png,0
266_27.png,0
266_28.png,0
267_1.png,1
267_2.png,1
267_3.png,0
267_4.png,0
267_5.png,0
267_6.png,0
267_7.png,0
267_8.png,0
267_9.png,0
267_10.png,0
267_11.png,0
267_12.png,0
267_13.png,0
267_14.png,0
267_15.png,0
267_16.png,0
267_17.png,0
267_18.png,0
267_19.png,0
267_20.png,0
267_21.png,0
267_22.png,0
267_23.png,0
267_24.png,0
267_25.png,0
267_26.png,0
267_27.png,0
267_28.png,0
267_29.png,0
267_30.png,0
267_31.png,0
267_32.png,0
267_33.png,0
268_1.png,1
268_2.png,0
268_3.png,0
268_4.png,0
268_5.png,0
268_6.png,0
268_7.png,0
268_8.png,0
268_9.png,0
268_10.png,0
268_11.png,0
268_12.png,0
268_13.png,0
268_14.png,0
268_15.png,0
268_16.png,0
268_17.png,0
268_18.png,0
268_19.png,0
268_20.png,0
268_21.png,0
268_22.png,0
268_23.png,0
268_24.png,0
268_25.png,0
268_26.png,0
268_27.png,0
268_28.png,0
268_29.png,0
268_30.png,0
268_31.png,0
268_32.png,0
268_33.png,0
268_34.png,0
268_35.png,0
269_1.png,1
269_2.png,1
269_3.png,0
269_4.png,0
269_5.png,0
269_6.png,0
269_7.png,0
269_8.png,0
269_9.png,0
269_10.png,0
269_11.png,0
269_12.png,0
269_13.png,0
269_14.png,0
269_15.png,0
269_16.png,0
269_17.png,0
269_18.png,0
269_19.png,0
269_20.png,0
270_1.png,1
270_2.png,1
270_3.png,0
270_4.png,0
270_5.png,0
270_6.png,0
270_7.png,0
270_8.png,0
270_9.png,0
270_10.png,0
270_11.png,0
270_12.png,0
270_13.png,0
270_14.png,0
270_15.png,0
270_16.png,0
270_17.png,0
270_18.png,0
271_1.png,1
271_2.png,1
271_3.png,0
271_4.png,0
271_5.png,0
271_6.png,0
271_7.png,0
271_8.png,0
271_9.png,0
271_10.png,0
271_11.png,0
271_12.png,0
271_13.png,0
271_14.png,0
271_15.png,0
271_16.png,0
271_17.png,0
271_18.png,0
271_19.png,0
271_20.png,0
271_21.png,0
271_22.png,0
272_1.png,1
272_2.png,1
272_3.png,0
272_4.png,0
272_5.png,0
272_6.png,0
272_7.png,0
272_8.png,0
272_9.png,0
272_10.png,0
272_11.png,0
272_12.png,0
272_13.png,0
272_14.png,0
272_15.png,0
272_16.png,0
272_17.png,0
272_18.png,0
272_19.png,0
272_20.png,0
272_21.png,0
272_22.png,0
272_23.png,0
272_24.png,0
272_25.png,0
272_26.png,0
272_27.png,0
272_28.png,0
272_29.png,0
272_30.png,0
272_31.png,0
272_32.png,0
272_33.png,0
272_34.png,0
272_35.png,0
272_36.png,0
272_37.png,0
272_38.png,0
272_39.png,0
272_40.png,0
272_41.png,0
272_42.png,0
272_43.png,0
272_44.png,0
272_45.png,0
272_46.png,0
272_47.png,0
272_48.png,0
272_49.png,0
272_50.png,0
273_1.png,1
273_2.png,1
273_3.png,0
273_4.png,0
273_5.png,0
273_6.png,0
273_7.png,0
273_8.png,0
273_9.png,0
273_10.png,0
273_11.png,0
273_12.png,0
273_13.png,0
273_14.png,0
273_15.png,0
273_16.png,0
273_17.png,0
273_18.png,0
273_19.png,0
273_20.png,0
273_21.png,0
273_22.png,0
274_1.png,1
274_2.png,1
274_3.png,0
274_4.png,0
274_5.png,0
274_6.png,0
274_7.png,0
274_8.png,0
274_9.png,0
274_10.png,0
274_11.png,0
274_12.png,0
274_13.png,0
274_14.png,0
274_15.png,0
274_16.png,0
274_17.png,0
274_18.png,0
274_19.png,0
274_20.png,0
274_21.png,0
274_22.png,0
274_23.png,0
274_24.png,0
275_1.png,1
275_2.png,1
275_3.png,0
275_4.png,0
275_5.png,0
275_6.png,0
275_7.png,0
275_8.png,0
275_9.png,0
275_10.png,0
276_1.png,1
276_2.png,1
276_3.png,0
276_4.png,0
276_5.png,0
276_6.png,0
276_7.png,0
276_8.png,0
276_9.png,0
276_10.png,0
276_11.png,0
277_1.png,1
277_2.png,1
277_3.png,0
277_4.png,0
277_5.png,0
277_6.png,0
277_7.png,0
277_8.png,0
277_9.png,0
277_10.png,0
277_11.png,0
277_12.png,0
277_13.png,0
277_14.png,0
277_15.png,0
277_16.png,0
277_17.png,0
277_18.png,0
277_19.png,0
277_20.png,0
277_21.png,0
278_1.png,1
278_2.png,1
278_3.png,0
278_4.png,0
278_5.png,0
278_6.png,0
278_7.png,0
278_8.png,0
278_9.png,0
278_10.png,0
278_11.png,0
278_12.png,0
278_13.png,0
278_14.png,0
278_15.png,0
278_16.png,0
278_17.png,0
278_18.png,0
278_19.png,0
279_1.png,1
279_2.png,1
279_3.png,0
279_4.png,0
279_5.png,0
279_6.png,0
279_7.png,0
279_8.png,0
279_9.png,0
279_10.png,0
279_11.png,0
279_12.png,0
279_13.png,0
279_14.png,0
279_15.png,0
279_16.png,0
279_17.png,0
280_1.png,1
280_2.png,1
280_3.png,0
280_4.png,0
280_5.png,0
280_6.png,0
280_7.png,0
280_8.png,0
280_9.png,0
280_10.png,0
280_11.png,0
280_12.png,0
280_13.png,0
280_14.png,0
280_15.png,0
281_1.png,1
281_2.png,1
281_3.png,0
281_4.png,0
281_5.png,0
281_6.png,0
281_7.png,0
281_8.png,0
281_9.png,0
281_10.png,0
281_11.png,0
281_12.png,0
281_13.png,0
281_14.png,0
282_1.png,1
282_2.png,1
282_3.png,0
282_4.png,0
282_5.png,0
282_6.png,0
282_7.png,0
282_8.png,0
282_9.png,0
282_10.png,0
282_11.png,0
283_1.png,1
283_2.png,1
283_3.png,0
283_4.png,0
283_5.png,0
283_6.png,0
283_7.png,0
283_8.png,0
283_9.png,0
283_10.png,0
283_11.png,0
283_12.png,0
283_13.png,0
283_14.png,0
283_15.png,0
283_16.png,0
283_17.png,0
283_18.png,0
283_19.png,0
283_20.png,0
283_21.png,0
283_22.png,0
283_23.png,0
283_24.png,0
283_25.png,0
283_26.png,0
283_27.png,0
283_28.png,0
283_29.png,0
283_30.png,0
283_31.png,0
283_32.png,0
283_33.png,0
283_34.png,0
284_1.png,1
284_2.png,1
284_3.png,0
284_4.png,0
284_5.png,0
284_6.png,0
284_7.png,0
284_8.png,0
284_9.png,0
284_10.png,0
284_11.png,0
284_12.png,0
285_1.png,1
285_2.png,1
285_3.png,0
285_4.png,0
285_5.png,0
285_6.png,0
285_7.png,0
285_8.png,0
285_9.png,0
285_10.png,0
285_11.png,0
285_12.png,0
285_13.png,0
285_14.png,0
285_15.png,0
285_16.png,0
285_17.png,0
285_18.png,0
285_19.png,0
286_1.png,1
286_2.png,1
286_3.png,0
286_4.png,0
286_5.png,0
286_6.png,0
286_7.png,0
286_8.png,0
286_9.png,0
286_10.png,0
286_11.png,0
286_12.png,0
286_13.png,0
286_14.png,0
286_15.png,0
286_16.png,0
286_17.png,0
286_18.png,0
286_19.png,0
286_20.png,0
286_21.png,0
286_22.png,0
287_1.png,1
287_2.png,1
287_3.png,0
287_4.png,0
287_5.png,0
287_6.png,0
287_7.png,0
287_8.png,0
287_9.png,0
287_10.png,0
287_11.png,0
287_12.png,0
287_13.png,0
287_14.png,0
287_15.png,0
287_16.png,0
287_17.png,0
287_18.png,0
287_19.png,0
287_20.png,0
287_21.png,0
287_22.png,0
287_23.png,0
287_24.png,0
287_25.png,0
287_26.png,0
287_27.png,0
287_28.png,0
287_29.png,0
287_30.png,0
287_31.png,0
288_1.png,1
288_2.png,1
288_3.png,0
288_4.png,0
288_5.png,0
288_6.png,0
288_7.png,0
288_8.png,0
288_9.png,0
288_10.png,0
288_11.png,0
288_12.png,0
288_13.png,0
288_14.png,0
288_15.png,0
288_16.png,0
288_17.png,0
288_18.png,0
288_19.png,0
288_20.png,0
289_1.png,1
289_2.png,1
289_3.png,0
289_4.png,0
289_5.png,0
289_6.png,0
289_7.png,0
289_8.png,0
289_9.png,0
289_10.png,0
289_11.png,0
289_12.png,0
289_13.png,0
289_14.png,0
289_15.png,0
289_16.png,0
290_1.png,1
290_2.png,1
290_3.png,0
290_4.png,0
290_5.png,0
290_6.png,0
290_7.png,0
290_8.png,0
290_9.png,0
290_10.png,0
290_11.png,0
290_12.png,0
290_13.png,0
290_14.png,0
290_15.png,0
290_16.png,0
290_17.png,0
291_1.png,1
291_2.png,1
291_3.png,0
291_4.png,0
291_5.png,0
291_6.png,0
291_7.png,0
291_8.png,0
291_9.png,0
291_10.png,0
291_11.png,0
291_12.png,0
291_13.png,0
291_14.png,0
291_15.png,0
291_16.png,0
291_17.png,0
291_18.png,0
292_1.png,1
292_2.png,0
292_3.png,0
292_4.png,0
292_5.png,0
292_6.png,0
292_7.png,0
292_8.png,0
292_9.png,0
292_10.png,0
292_11.png,0
292_12.png,0
293_1.png,1
293_2.png,1
293_3.png,0
293_4.png,0
293_5.png,0
293_6.png,0
293_7.png,0
293_8.png,0
293_9.png,0
293_10.png,0
293_11.png,0
293_12.png,0
293_13.png,0
293_14.png,0
293_15.png,0
294_1.png,1
294_2.png,1
294_3.png,0
294_4.png,0
294_5.png,0
294_6.png,0
294_7.png,0
294_8.png,0
294_9.png,0
294_10.png,0
294_11.png,0
294_12.png,0
294_13.png,0
294_14.png,0
294_15.png,0
294_16.png,0
294_17.png,0
294_18.png,0
294_19.png,0
294_20.png,0
294_21.png,0
294_22.png,0
294_23.png,0
294_24.png,0
294_25.png,0
294_26.png,0
294_27.png,0
294_28.png,0
294_29.png,0
294_30.png,0
294_31.png,0
294_32.png,0
294_33.png,0
294_34.png,0
294_35.png,0
295_1.png,1
295_2.png,1
295_3.png,0
295_4.png,0
295_5.png,0
295_6.png,0
295_7.png,0
295_8.png,0
295_9.png,0
295_10.png,0
295_11.png,0
295_12.png,0
296_1.png,1
296_2.png,1
296_3.png,0
296_4.png,0
296_5.png,0
296_6.png,0
296_7.png,0
296_8.png,0
296_9.png,0
296_10.png,0
296_11.png,0
296_12.png,0
296_13.png,0
296_14.png,0
296_15.png,0
296_16.png,0
297_1.png,1
297_2.png,1
297_3.png,0
297_4.png,0
297_5.png,0
297_6.png,0
297_7.png,0
297_8.png,0
297_9.png,0
297_10.png,0
297_11.png,0
297_12.png,0
297_13.png,0
297_14.png,0
297_15.png,0
297_16.png,0
297_17.png,0
297_18.png,0
297_19.png,0
297_20.png,0
297_21.png,0
297_22.png,0
297_23.png,0
297_24.png,0
297_25.png,0
297_26.png,0
297_27.png,0
297_28.png,0
297_29.png,0
297_30.png,0
297_31.png,0
297_32.png,0
297_33.png,0
297_34.png,0
297_35.png,0
297_36.png,0
297_37.png,0
297_38.png,0
297_39.png,0
297_40.png,0
297_41.png,0
297_42.png,0
297_43.png,0
297_44.png,0
297_45.png,0
298_1.png,1
298_2.png,0
298_3.png,0
298_4.png,0
298_5.png,0
298_6.png,0
298_7.png,0
298_8.png,0
298_9.png,0
299_1.png,1
299_2.png,1
299_3.png,0
299_4.png,0
299_5.png,0
299_6.png,0
299_7.png,0
299_8.png,0
299_9.png,0
299_10.png,0
299_11.png,0
299_12.png,0
299_13.png,0
299_14.png,0
299_15.png,0
299_16.png,0
299_17.png,0
299_18.png,0
300_1.png,1
300_2.png,1
300_3.png,0
300_4.png,0
300_5.png,0
300_6.png,0
300_7.png,0
300_8.png,0
300_9.png,0
300_10.png,0
300_11.png,0
300_12.png,0
300_13.png,0
300_14.png,0
300_15.png,0
300_16.png,0
300_17.png,0
300_18.png,0
300_19.png,0
300_20.png,0
300_21.png,0
300_22.png,0
300_23.png,0
300_24.png,0
300_25.png,0
300_26.png,0
300_27.png,0
300_28.png,0
301_1.png,1
301_2.png,1
301_3.png,0
301_4.png,0
301_5.png,0
301_6.png,0
301_7.png,0
301_8.png,0
301_9.png,0
302_1.png,1
302_2.png,1
302_3.png,0
302_4.png,0
302_5.png,0
302_6.png,0
302_7.png,0
302_8.png,0
302_9.png,0
302_10.png,0
302_11.png,0
302_12.png,0
302_13.png,0
302_14.png,0
302_15.png,0
303_1.png,1
303_2.png,1
303_3.png,0
303_4.png,0
303_5.png,0
303_6.png,0
303_7.png,0
303_8.png,0
303_9.png,0
303_10.png,0
303_11.png,0
303_12.png,0
303_13.png,0
303_14.png,0
303_15.png,0
304_1.png,1
304_2.png,1
304_3.png,0
304_4.png,0
304_5.png,0
304_6.png,0
304_7.png,0
304_8.png,0
304_9.png,0
304_10.png,0
304_11.png,0
304_12.png,0
304_13.png,0
304_14.png,0
304_15.png,0
304_16.png,0
304_17.png,0
304_18.png,0
305_1.png,1
305_2.png,1
305_3.png,0
305_4.png,0
305_5.png,0
305_6.png,0
305_7.png,0
305_8.png,0
305_9.png,0
305_10.png,0
305_11.png,0
305_12.png,0
305_13.png,0
305_14.png,0
305_15.png,0
305_16.png,0
306_1.png,1
306_2.png,1
306_3.png,0
306_4.png,0
306_5.png,0
306_6.png,0
306_7.png,0
306_8.png,0
306_9.png,0
306_10.png,0
306_11.png,0
307_1.png,1
307_2.png,1
307_3.png,0
307_4.png,0
307_5.png,0
307_6.png,0
307_7.png,0
307_8.png,0
307_9.png,0
307_10.png,0
307_11.png,0
307_12.png,0
307_13.png,0
307_14.png,0
307_15.png,0
307_16.png,0
307_17.png,0
307_18.png,0
307_19.png,0
307_20.png,0
307_21.png,0
307_22.png,0
307_23.png,0
307_24.png,0
307_25.png,0
307_26.png,0
307_27.png,0
307_28.png,0
307_29.png,0
308_1.png,1
308_2.png,1
308_3.png,0
308_4.png,0
308_5.png,0
308_6.png,0
308_7.png,0
308_8.png,0
308_9.png,0
308_10.png,0
308_11.png,0
308_12.png,0
308_13.png,0
308_14.png,0
308_15.png,0
308_16.png,0
309_1.png,1
309_2.png,1
309_3.png,0
309_4.png,0
309_5.png,0
309_6.png,0
309_7.png,0
309_8.png,0
309_9.png,0
309_10.png,0
309_11.png,0
309_12.png,0
309_13.png,0
309_14.png,0
309_15.png,0
309_16.png,0
309_17.png,0
309_18.png,0
309_19.png,0
309_20.png,0
309_21.png,0
310_1.png,1
310_2.png,1
310_3.png,0
310_4.png,0
310_5.png,0
310_6.png,0
310_7.png,0
310_8.png,0
310_9.png,0
310_10.png,0
310_11.png,0
310_12.png,0
310_13.png,0
310_14.png,0
310_15.png,0
310_16.png,0
310_17.png,0
310_18.png,0
310_19.png,0
310_20.png,0
310_21.png,0
310_22.png,0
311_1.png,1
311_2.png,1
311_3.png,0
311_4.png,0
311_5.png,0
311_6.png,0
311_7.png,0
311_8.png,0
311_9.png,0
311_10.png,0
311_11.png,0
311_12.png,0
311_13.png,0
311_14.png,0
311_15.png,0
311_16.png,0
311_17.png,0
311_18.png,0
311_19.png,0
312_1.png,1
312_2.png,1
312_3.png,0
312_4.png,0
312_5.png,0
312_6.png,0
312_7.png,0
312_8.png,0
312_9.png,0
312_10.png,0
312_11.png,0
312_12.png,0
313_1.png,1
313_2.png,1
313_3.png,0
313_4.png,0
313_5.png,0
313_6.png,0
313_7.png,0
313_8.png,0
313_9.png,0
314_1.png,1
314_2.png,1
314_3.png,0
314_4.png,0
314_5.png,0
314_6.png,0
314_7.png,0
314_8.png,0
314_9.png,0
314_10.png,0
314_11.png,0
314_12.png,0
314_13.png,0
314_14.png,0
314_15.png,0
314_16.png,0
314_17.png,0
315_1.png,1
315_2.png,1
315_3.png,0
315_4.png,0
315_5.png,0
315_6.png,0
315_7.png,0
315_8.png,0
315_9.png,0
315_10.png,0
315_11.png,0
315_12.png,0
315_13.png,0
315_14.png,0
315_15.png,0
315_16.png,0
315_17.png,0
315_18.png,0
315_19.png,0
316_1.png,1
316_2.png,1
316_3.png,0
316_4.png,0
316_5.png,0
316_6.png,0
316_7.png,0
316_8.png,0
316_9.png,0
316_10.png,0
316_11.png,0
316_12.png,0
316_13.png,0
316_14.png,0
316_15.png,0
316_16.png,0
316_17.png,0
316_18.png,0
316_19.png,0
316_20.png,0
316_21.png,0
316_22.png,0
316_23.png,0
316_24.png,0
316_25.png,0
316_26.png,0
316_27.png,0
316_28.png,0
316_29.png,0
316_30.png,0
316_31.png,0
316_32.png,0
316_33.png,0
316_34.png,0
316_35.png,0
316_36.png,0
316_37.png,0
316_38.png,0
316_39.png,0
316_40.png,0
316_41.png,0
317_1.png,1
317_2.png,1
317_3.png,0
317_4.png,0
317_5.png,0
317_6.png,0
317_7.png,0
317_8.png,0
317_9.png,0
317_10.png,0
317_11.png,0
317_12.png,0
318_1.png,1
318_2.png,1
318_3.png,0
318_4.png,0
318_5.png,0
318_6.png,0
318_7.png,0
318_8.png,0
318_9.png,0
318_10.png,0
318_11.png,0
318_12.png,0
318_13.png,0
318_14.png,0
318_15.png,0
318_16.png,0
318_17.png,0
319_1.png,1
319_2.png,1
319_3.png,0
319_4.png,0
319_5.png,0
319_6.png,0
319_7.png,0
319_8.png,0
319_9.png,0
319_10.png,0
319_11.png,0
319_12.png,0
319_13.png,0
319_14.png,0
319_15.png,0
319_16.png,0
319_17.png,0
319_18.png,0
319_19.png,0
319_20.png,0
319_21.png,0
319_22.png,0
319_23.png,0
319_24.png,0
319_25.png,0
320_1.png,1
320_2.png,1
320_3.png,0
320_4.png,0
320_5.png,0
320_6.png,0
320_7.png,0
320_8.png,0
320_9.png,0
320_10.png,0
320_11.png,0
320_12.png,0
320_13.png,0
320_14.png,0
320_15.png,0
320_16.png,0
320_17.png,0
320_18.png,0
320_19.png,0
320_20.png,0
320_21.png,0
321_1.png,1
321_2.png,1
321_3.png,0
321_4.png,0
321_5.png,0
321_6.png,0
321_7.png,0
321_8.png,0
321_9.png,0
321_10.png,0
321_11.png,0
321_12.png,0
321_13.png,0
321_14.png,0
321_15.png,0
321_16.png,0
321_17.png,0
321_18.png,0
321_19.png,0
321_20.png,0
321_21.png,0
321_22.png,0
321_23.png,0
321_24.png,0
321_25.png,0
321_26.png,0
321_27.png,0
321_28.png,0
321_29.png,0
321_30.png,0
321_31.png,0
321_32.png,0
321_33.png,0
321_34.png,0
321_35.png,0
321_36.png,0
321_37.png,0
321_38.png,0
321_39.png,0
321_40.png,0
321_41.png,0
321_42.png,0
321_43.png,0
321_44.png,0
321_45.png,0
321_46.png,0
321_47.png,0
321_48.png,0
321_49.png,0
321_50.png,0
321_51.png,0
321_52.png,0
321_53.png,0
322_1.png,1
322_2.png,1
322_3.png,0
322_4.png,0
322_5.png,0
322_6.png,0
322_7.png,0
322_8.png,0
322_9.png,0
322_10.png,0
322_11.png,0
322_12.png,0
322_13.png,0
322_14.png,0
322_15.png,0
322_16.png,0
322_17.png,0
322_18.png,0
322_19.png,0
322_20.png,0
322_21.png,0
322_22.png,0
322_23.png,0
322_24.png,0
322_25.png,0
322_26.png,0
322_27.png,0
322_28.png,0
322_29.png,0
323_1.png,1
323_2.png,1
323_3.png,0
323_4.png,0
323_5.png,0
323_6.png,0
323_7.png,0
323_8.png,0
323_9.png,0
323_10.png,0
323_11.png,0
323_12.png,0
323_13.png,0
323_14.png,0
323_15.png,0
323_16.png,0
323_17.png,0
323_18.png,0
323_19.png,0
323_20.png,0
323_21.png,0
323_22.png,0
323_23.png,0
323_24.png,0
323_25.png,0
323_26.png,0
323_27.png,0
323_28.png,0
323_29.png,0
323_30.png,0
323_31.png,0
323_32.png,0
323_33.png,0
323_34.png,0
323_35.png,0
323_36.png,0
324_1.png,1
324_2.png,1
324_3.png,0
324_4.png,0
324_5.png,0
324_6.png,0
324_7.png,0
324_8.png,0
324_9.png,0
324_10.png,0
324_11.png,0
324_12.png,0
324_13.png,0
324_14.png,0
324_15.png,0
324_16.png,0
324_17.png,0
324_18.png,0
324_19.png,0
324_20.png,0
324_21.png,0
324_22.png,0
324_23.png,0
324_24.png,0
324_25.png,0
324_26.png,0
324_27.png,0
324_28.png,0
324_29.png,0
324_30.png,0
324_31.png,0
324_32.png,0
324_33.png,0
324_34.png,0
324_35.png,0
324_36.png,0
324_37.png,0
324_38.png,0
324_39.png,0
324_40.png,0
324_41.png,0
324_42.png,0
324_43.png,0
324_44.png,0
324_45.png,0
324_46.png,0
325_1.png,1
325_2.png,1
325_3.png,0
325_4.png,0
325_5.png,0
325_6.png,0
325_7.png,0
325_8.png,0
325_9.png,0
325_10.png,0
325_11.png,0
325_12.png,0
325_13.png,0
325_14.png,0
325_15.png,0
325_16.png,0
325_17.png,0
325_18.png,0
325_19.png,0
325_20.png,0
325_21.png,0
326_1.png,1
326_2.png,1
326_3.png,0
326_4.png,0
326_5.png,0
326_6.png,0
326_7.png,0
326_8.png,0
326_9.png,0
326_10.png,0
326_11.png,0
326_12.png,0
326_13.png,0
326_14.png,0
326_15.png,0
326_16.png,0
326_17.png,0
326_18.png,0
326_19.png,0
326_20.png,0
326_21.png,0
327_1.png,1
327_2.png,1
327_3.png,0
327_4.png,0
327_5.png,0
327_6.png,0
327_7.png,0
327_8.png,0
327_9.png,0
327_10.png,0
327_11.png,0
327_12.png,0
327_13.png,0
327_14.png,0
327_15.png,0
328_1.png,1
328_2.png,1
328_3.png,0
328_4.png,0
328_5.png,0
328_6.png,0
328_7.png,0
328_8.png,0
328_9.png,0
328_10.png,0
328_11.png,0
328_12.png,0
328_13.png,0
328_14.png,0
328_15.png,0
328_16.png,0
328_17.png,0
328_18.png,0
328_19.png,0
328_20.png,0
328_21.png,0
328_22.png,0
328_23.png,0
328_24.png,0
328_25.png,0
328_26.png,0
328_27.png,0
328_28.png,0
328_29.png,0
328_30.png,0
328_31.png,0
328_32.png,0
328_33.png,0
328_34.png,0
328_35.png,0
329_1.png,1
329_2.png,0
329_3.png,0
329_4.png,0
329_5.png,0
329_6.png,0
329_7.png,0
329_8.png,0
329_9.png,0
329_10.png,0
329_11.png,0
329_12.png,0
329_13.png,0
329_14.png,0
329_15.png,0
330_1.png,1
330_2.png,1
330_3.png,0
330_4.png,0
330_5.png,0
330_6.png,0
330_7.png,0
330_8.png,0
330_9.png,0
330_10.png,0
330_11.png,0
330_12.png,0
330_13.png,0
330_14.png,0
330_15.png,0
330_16.png,0
330_17.png,0
330_18.png,0
330_19.png,0
330_20.png,0
330_21.png,0
330_22.png,0
330_23.png,0
330_24.png,0
330_25.png,0
330_26.png,0
330_27.png,0
330_28.png,0
330_29.png,0
330_30.png,0
330_31.png,0
330_32.png,0
330_33.png,0
330_34.png,0
330_35.png,0
330_36.png,0
330_37.png,0
330_38.png,0
330_39.png,0
330_40.png,0
330_41.png,0
330_42.png,0
330_43.png,0
330_44.png,0
331_1.png,1
331_2.png,1
331_3.png,0
331_4.png,0
331_5.png,0
331_6.png,0
331_7.png,0
331_8.png,0
331_9.png,0
331_10.png,0
331_11.png,0
331_12.png,0
331_13.png,0
331_14.png,0
332_1.png,1
332_2.png,1
332_3.png,0
332_4.png,0
332_5.png,0
332_6.png,0
333_1.png,1
333_2.png,1
333_3.png,0
333_4.png,0
333_5.png,0
333_6.png,0
333_7.png,0
333_8.png,0
333_9.png,0
333_10.png,0
333_11.png,0
333_12.png,0
333_13.png,0
333_14.png,0
333_15.png,0
333_16.png,0
333_17.png,0
333_18.png,0
333_19.png,0
334_1.png,1
334_2.png,0
334_3.png,0
334_4.png,0
334_5.png,0
334_6.png,0
334_7.png,0
334_8.png,0
334_9.png,0
334_10.png,0
